listing_id,id,date,reviewer_id,reviewer_name,comments
11508,1615861,02/07/2012,877808,Charlie,"Amazing place!
<br/>
<br/>Location: short walk to all the bars and shops in Palermo soho and hollywood, plus also the subway
<br/>
<br/>Apartment: v modern and with all you could want. Living room was perfect for relaxing in with a large sofa, massive TV and amazing view through the floor to ceiling windows. Bedroom hits the spot with a big windows,  wardrobe and comfy bed. Bathroom also of the same standard
<br/>
<br/>Building: has an amazing gym set-up on the 31 floor - always seemed to be empty and a real pleasure to use. "
11508,3157005,26/12/2012,656077,Shaily,"Really enjoyed Candela's recommendations and quick communication! Had a wonderful time in BsAs, enjoy this apartment!"
11508,3281011,05/01/2013,2835998,Michiel,"Candela and her colleague were very attentive and quick to respond, absolutely wonderful. The apartment is beautiful, well equipped and conveniently located close to the historic part of Palermo, bars and excellent restaurants. I highly recommend this place."
11508,6050019,28/07/2013,4600436,Tara,"The apartment was in a beautiful, modern building, was wonderfully decorated and equip with all of the modern amenities. We not only loved the apartment, but the location was ideal. We were walking distance to the Subte and to my job in Palermo Soho. We were surrounded by lots of restaurants and boutiques. The only issue with this apartment is the noise. The neighbors on our floor had a dog that barked constantly and often times woke us up at night. We spoke with Candela who tried to help us solve the issue and it seems as though many neighbors have complained about dogs in the building and that they might be more selective in the future. We hope that's the case because it's a beautiful place to live otherwise."
11508,9328455,22/12/2013,3130017,Simon,"My stay at Candela's apartment was very enjoyable. The apartment looks exactly like the photos.  Candela is very hospitable and does everything to make the stay enjoyable. I would recommend this place to anyone wishing to visit Buenos Aires. The location is also an added bonus, very close to the D line Subte and bus connections from Plaza Italia. The parks are very close by as are many great restaurants and coffee shops. "
11508,22761704,14/11/2014,13740201,Neil,"Very nice place, just as shown in the pictures.  Close to everything - stores, Palermo Viejo, botanical garden, and the subte station.  Candela made everything easy.  Thanks!"
11508,25002055,05/01/2015,10434099,Lars,"Thank you for everything, Candela. Die Wohnung und die Anlage ist genauso wie versprochen. Meine Sonderwünsche konnten alle berücksichtigt werden. Beim Check-in und Check-out war Candela sehr flexibel!"
11508,27194703,28/02/2015,2842054,Mike,"We had admired the Palermo Uno building on previous visits to Buenos Aires and it did not disappoint.  The location is prime, and the apartment, furnishings, building amenities and security are all first-rate.  Candela is a friendly, gracious host, and her onsite manager could not have been more helpful.  The view from the gym on the 31st floor is the visual definition of awesome.  Thanks for a great experience!"
11508,33645579,31/05/2015,26329745,David,"Candela did a great job accommodating us.  While she was not there personally, she had a friend meet us at the unit and let us in and get us situated.  Any issues we had were quickly fixed. <br/>The unit itself is in an excellent location. Close to the parks and attractions in and around the park (zoo, planetarium, Japanese gardens, MALBA) as well as all of the great restaurants in Palermo SOHO. We could not have asked for a better location.  <br/>The unit was also clean and had some good books on BA to review.  The bed was very comfortable!The unit had a decent gym and good security. <br/>The only negative was noise.  The sounds of dogs and babies was so loud they sounded like they were in the unit. There is also a water pipe in the wall that is poorly insulated so you constant hear water flushing through the pipes.  If you're a light sleeper, this apartment isn't for you.  Otherwise it is fantastic and in a great location. "
11508,40435539,31/07/2015,6618079,Elizabeth,"Candela was a very good host. Although I did not meet her in person she was quick to respond to any questions or concerns. The apartment itself is just as described.  I was very comfortable for the two months that I lived there, the bed was wonderful, and everything worked perfectly in the apartment. In terms of the location, it was also very convenient, near the metro (Plaza Italia) and Santa Fe, which has all the bus connections you could ever need. My one caveat would be that the neighbors have a very annoying dog that barks all the time. It didn't really bother me much because I sleep very deep and I was out of the house most of the day, but if you are a light sleeper this might be an issue. Sadly this is out of Candela's control, but it would only be fair to mention it. Beyond that, I would recommend this apartment and great building."
11508,58489568,03/01/2016,24103270,Andres,"Candela's apartment listing description was accurate. She was very responsive. It is a lovely space, great location and wonderful amenities. An amazing view from the gym on the 31st floor. Lovely sauna and jacuzzi on the 32nd floor, and great pool and sunbathing area. All the staff in the building was very friendly and responsive to any needs. They made me feel very welcome.
<br/>
<br/>The building is two books away from the Subte (public transportation - subway), walking distance to great coffee shops, retail stores, ice-cream parlours and restaurants. The building is located in Palermo Soho and walking distance to Palermo Hollywood and Recoleta. It is couple of books away from ""Bosques de Palermo"", the planetarium, the Botanical Garden and the Japanese Garden. All fantastic outdoor green areas for safe walks or to practice outdoor sports. 
<br/>
<br/>I have been visiting Argentina for over 20 years now. I have been coming at least twice a year for work during the last 3 years, and this was the best accom..."
11508,68315541,04/04/2016,12506315,Javier,"El apartamento es muy cómodo, tiene mucha luz y está muy bien distribuido. El edificio es bastante nuevo y los amenities como gimnasio y piscina están muy bien. El apartamento incluye equipamiento suficiente como platos, vasos, toallas. He estado muy a gusto en mi estancia de 2 meses. Repetiría sin dudar. El contacto con Candela ha sido fluido tanto a la entrada como en la salida."
83440,837352,04/01/2012,391314,Arne,"Great, indeed. 
<br/>
<br/>Santiago welcomed us warmly at the most uncomfortable of morning hours, even after our changing the arrival time several time due to delays of our incoming flight. 
<br/>
<br/>The apartment itself was as described: a great retreat amidst the bustling Palermo neighborhood.
<br/>
<br/>Will definitively be back when in Buenos Aires again"
83440,224170472,02/01/2018,16169096,Mirta,"El departamento de Santiago está en una excelente ubicación, rodeado de heladerías, restaurants, tiendas. A pesar de estar en una avenida muy transitada es super silencioso, por ser contrafrente. Aunque a la cocina le faltaban inicialmente algunos elementos (cubiertos, ollas, sartenes, cafetera) Santiago prontamente se ocupó de resolverlo todo. Nos sentimos muy a gusto y seguramente sería nuestra opción en futuros viajes a Bs Aires."
83440,235376183,16/02/2018,136056833,Laura,"El departamento de Santiago esta muy bien equipado, muy comodo y bien situado, las respuestas de Santiago a nuestras consultas y necesidades fueron siempre rapidas y eficientes. Recomiendo su departamento, no tendran problemas y la pasaran muy bien."
83440,401936826,16/01/2019,66765346,Ji Hye,ubicacion muy bueno y comodo
83440,622095760,09/04/2020,73388924,Lucía,"Increíble todo. El departamento es hermoso, muy cómodo, súper luminoso y cálido y se encuentra en una ubicación inmejorable. Santiago y Paula son excelentes huéspedes, súper amables, atentos y resolutivos. Tuvimos que cambiar el ingreso a un día después y no tuvieron problemas, acomodaron sus horarios para hacer el check in apenas llegamos a Buenos Aires, también tuvimos que cancelar de emergencia y su respuesta fue excelente. Enormemente agradecidos, sin duda volveríamos"
83440,1.24783E+18,17/09/2024,60259956,Andrea,"El apartamento es espacioso, con terraza, muy bien ubicado. La comunicación con el propietario es muy fácil y rápida. Se encuentra ubicado en una zona tranquila y céntrica. Muy bien equipado. Lo recomendaría sin duda, Santiago ha sido un gran anfitrión."
83440,1.28775E+18,11/11/2024,2156299,Marcelo,"Gracias por todo! Son anfritiones de confianza, el departamento impecable y siempre a disposicion. Gracias por todo y felicitaciones!"
83440,1.3196E+18,25/12/2024,124296794,Carlos Eduardo,Lo mejor del apartamento es la ubicación en pleno barro de Palermo que era nuestro objetivo. El apartamento tiene aire acondicionado en las dos habitaciones y el salon. Los electrodomésticos son antiguos pero funcionan bien todos. Santiago está atento a cualquier problema que pueda surgir. Se tiene todo para largas temporadas. El encargado del edificio está disponible para cualquier duda que haya.
84033,258387,10/05/2011,157564,Elena,"This is a marvelous apartment---filled with light, a one bedroom, very nicely decorated, and well appointed, in a great neighborhood, Palermo Soho. In a very attractive brand new building, guests have access to a sauna, a gym and a pool!  The kitchen is well equipt, there are 2 flat screen TVs; the bed is very comfy.  And upstairs, there is a lovely sunny private roof terrace, with a sitting area under a canopy, a dining table and parilla! The price is right as well--a very decent price for very fine accommodation. I was made to feel most welcome and comfortable by the apartment manager, Luciana, as well as by the owner, Maria, who answered my emails promptly and graciously.  Truly this apartment feels like a ¨home away from home¨. I enjoyed my stay here immensely."
84033,300517,06/06/2011,603990,Danielle,"The place was fantastic! Very comfortable, great terrace, lot's of natural light, excellent location. I would absolutely recommend it."
84033,316579,15/06/2011,513260,Marcelo,"MI experiencia en el departamento de María y Gustavo fue muy buena, el departamento esta muy bien ubicado y cuidado y ante cualquier inconveniente (mínimo) siempre estuvieron (en contacto telefónico y via mail o mandando algún asistente)  dispuestos a solucionarlo.
<br/>
<br/>En mi caso usé el departamento siendo de Buenos Aires por un tema laboral con lo que gran parte del día estaba allí dentro.
<br/>
<br/>Por último decirles que siendo usuario de departamentos de alquiler en el exterior ya sea, via home away, vrbo o esta página, puedo decirles que el departamento tiene nivel internacional y una muy buena relación costo y beneficio para quien venga a conocer Buenos Aires.
<br/>
<br/>Saludos
<br/>
<br/>Marcelo"
84033,335038,26/06/2011,494664,Andre,"A very nice apartment, clean and complete. A neighborhood with several nice bars and restaurants, a few blocks from the metro and Santa Fe Avenue, the starting point for all corners of the city. The predio, doormen sao very good people. We like a lot, ideal for a couple or a couple with one child. Mary and an excellent hostess. Already know to stay the next time, without thinking twice."
84033,355804,06/07/2011,189508,Sarah,The host canceled my reservation 96 days before arrival.
84033,392766,24/07/2011,689464,Alison,"Staying at Maria's apartment made my travel in Buenos Aires one of the highlights. Not only was it conveniently located near the trendy area of Palermo and easily accesible to the subway and buses, but the apartment it self was really comfortable with excellent facilities including gym, pool and terrace.
<br/>Lucianna, was extremely accomodating in providing me with the keys at a time that suited me. 
<br/>Many thanks!"
84033,591823,03/10/2011,314495,Gabriel,"This is the best location in Buenos Aires.   Palermo is where you want to be and this apartment is right between the most happening parts of Palermo:  Plaza Armenia and Plaza Serrano, and still only a short walk to the Metro stop at Plaza Italia. 
<br/>
<br/>This is a great 1-bedroom, everything worked, was modern and comfortable.  The terrace upstairs is nice.  The building's gym was serviceable enough for some workouts.   The building manager was helpful in finding local stores.  "
84033,651422,22/10/2011,174923,Roger,"We stayed in Maria's apartment for 10 days in mid-October.  The apartment was exactly as pictured within the listing.  The location was perfect... very close to the subway line and within walking distance to innumerable restaurants and retailers.  Special shout out to Lucianna (the property manager) and Fernando (on-site caretaker), both of whom were very professional and attentive to our requirements!"
84033,739208,23/11/2011,250355,Iv,"We had a great time staying at this well equipped apartment in Buenos Aires. The apartment was clean, sunny, and quite. The location was great. Subway stops are just a short walk. There are plenty of restaurants in the area, and the grocery store is close by. Furthermore, Luciana who checked us in was a pleasure to deal with - prompt, friendly, easy-going, and helpful. I highly recommend this property!"
84033,888717,29/01/2012,1563995,Nik,"Probably one of the nicest apartment I have ever stayed in, we begged to stay longer but it was booked out. It looks exactly like the photos, great pool area, comfortable living area and the roof top terrace is spectacular. I would recommend this apartment to anyone. Maria and Daniel were also great to deal with, they recommended places to go. The neighborhood is one of the best in BA safe and close to everything, lots of shops, cafes, bars, restaurant, buses and subways.
<br/>
<br/>You wont find a nicer place in BA........10/10
<br/>
<br/>"
84033,1026527,21/03/2012,1028490,Michael,"Well located, secure and well appointed.  Exactly as advertised."
84033,1086902,05/04/2012,1289715,Sonja,"Our stay may not have begun brilliantly, a server error meant the administrator was unaware of my arrival (and so the place was delightfully dirty) and it took some time to gain access to the property. However, Fernando (security), Maria (owner) and Luciana (manager) worked seriously hard to make the rest of our stay as comfortable as possible. The cleaner did an amazing job in the morning and Maria very kindly refunded a day and a halves fees by way of apology, which was much appreciated. The place is fantastic! Looks just like the pictures, lots of space and light, great gym and pool facilities and right in the centre of all the shops, restaurants etc. Plus the rooftop space is incredible! Great for lounging in the sun and making asados on the huge BBQ. on our last day Fernando even let us store our luggage safely for the day until we got our transfer. We would definitely come back. "
84033,1390554,31/05/2012,1213249,Mariana,"The Maria's apartment is super cool. It's very clean, organized and conveniently located in a lovely neighborhood. I recommend this apartment in a heartbeat."
84033,3491305,07/02/2013,3359407,Inga,"We enjoyed our stay at Marias penthouse flat and the efficient communication with the administrator. The flat was clean, quiet, with nice furniture, good wifi and TV channels. We liked the nice pool and the big upstairs terrace with a good barbeque, which we used every evening to grill the excellent beef we bought. The area is the best in BA, in our opinion, and we would like to stay here again next time."
84033,3593545,20/02/2013,4626741,Anne Lise,"We were very happy and satisfied with staying in this great flat and appartment building, that is brand new and very clean and safe.
<br/>The roof terrasse was of course fantastic, but I like to point out what we was far most happy for in this flat, and witch is hard to come by in Palermo, was the fact that the bedroom was compleatly quiet and no noice from the road to be heard, and the wonderful blind curtains that made the room dark!  I wold definetly stay there again!"
84033,3651778,28/02/2013,3505631,René,"It's a modern and bright apartment with everything you need. Absolutely gorgeous is the huge terrace on the roof of the apartment. 
<br/>Luciana, the responsible on behalf of the owners, was very friendly and helpful. "
84033,3760209,12/03/2013,4306695,Diane,"We really enjoyed our stay in Buenos Aires. The apartment was perfect and the location was perfect. We were met by Luciana who gave us an excellent introduction to the apartment - she also assisted us with getting a taxi when we left for home. We would highly recommend this apartment.
<br/>
<br/>Thanks,
<br/>Diane"
84033,4017952,03/04/2013,4210191,Maria,"What a magnificent apartment!! We thoroughly enjoyed our stay from start to finish. Every detail of the flat was exceptional and we can not speak highly enough of this accomodation. The terrace is stunning and flat is really spacious. Luciana and Maria were very, very helpful and friendly."
84033,4078936,08/04/2013,3855688,Mark,"Wonderful place. In the middle of beautiful Palermo Soho. I felt like home from the very beginning. Everything is modern, clean and comfortable. And the roof terrace is a paradise. "
84033,4819379,27/05/2013,201509,Hayden,An amazing apartment in a great location in Palermo Soho. Close to everything you could need and the rooftop terrace is perfect place to relax and look out over the city! Host responded quickly and building management was very helpful! Perfect stay. Thanks Maria
84033,5049867,10/06/2013,5393485,Rukmal,This was a really lovely place and the communication with Maria throughout was top notch. The real selling point was the rooftop terrace which does not disappoint. The location is also fantastic and felt very safe. 
84033,5378380,27/06/2013,5927476,Daniel,"We had a great time there and hope to come back soon! Para os brasileiros, o apartamento é excelente, com ótima localização e tem de tudo o que se precisa! Luciana que nos recepcionou foi muito atenciosa com todos os detalhes e com toda ajuda que precisamos no decorrer de nossa estadia. Recomendamos!
<br/>Thanks Luciana for everything! "
84033,5825385,18/07/2013,3209272,Dania,"Hermoso departamento en la mejor zona de buenos aires, Fernando esta en recepción 24horas y resuelve cualquier cosita! María y Luciana también toda la disponibilidad, seguro regresaremos ahí!"
84033,6542053,16/08/2013,7778725,Paul,"This is a lovely place. Great location. Very safe. Has access to a small gym, swimming pool and has its own roof top terrace. The weather was cold-ish when I was there, but apartment was warm, with air conditioner / heater in main room and bedroom. The place is clean and comfortable, with wi-fi. I'd stay there again. "
84033,6756621,24/08/2013,7052650,Karoline,"This apartment was very clean, spacious, and conveniently located - we were greeted when we arrived and given a tour of the apartment and gym/laundry facilities. The terrace is beautiful - we only wish it was warmer outside so we could have spent more time there! Everything was well organized and Maria emailed us throughout the duration of our stay to check in and see if we needed anything. "
84033,6941380,31/08/2013,6914975,Stephen,"The apartment is more or less as depicted in the pictures. You will be dealing with Luciana, the apartment manager, and not Maria, the owner. Luciana is responsive, but does not respond as quickly as other airbnb people I have dealt with.
<br/>
<br/>The apartment is very nice, and the upstairs balcony with BBQ and cabana is a plus. The location is also nice: 7-8 minutes to the subway and a few blocks walk to the heart of Palermo Soho. It is also pretty quiet. 
<br/>
<br/>The experience was great. I only had an issue with the stove not working, but Luciana called the electrician to fix it. 
<br/>
<br/>It is definitely a nice apartment. I wouldn't hesitate to boo it! 
<br/>"
84033,7364980,17/09/2013,4317033,Tiago,"Maria was very helpful in answering my messages before the reservation. The apartment was great, clean, ready to use. Just a little problem with the delivery of the keys. But it was a very good a experience!"
84033,7778863,02/10/2013,8801933,Phil,"Great location in the heart of Palermo. 4 blocks away from Plaza Italia station.  Always felt safe in the neighborhood. Checking and checkout went smoothly. First experience with airbnb was wonderful. For approximately $500 for a week, I felt like I had a vacation home in Buenos Aires."
84033,7912671,08/10/2013,5790504,Vitor Leonardo,"Muito bom!!! Ótimo apartamento, excelente recepção da anfitriã, muito bem localizado em Palermo Soho! Super indicado, limpo amplo, excelente terraço! Com certeza retornarei! "
84033,8345718,27/10/2013,7604913,Karl Heinz,"Sehr geehrtes airbnb-Team,
<br/>Wir haben 2 1/2 Wochen in diesem Appartement verbracht und es keinen Tag bereut. Palermo ist ein wunderbar ruhiger Stadtteil und die Wohnung war eine regelrechte Oase der Erholung, auch wenn man die Kinder der nahe gelegenen Schule an den Wochentagen durchaus hören konnte. Für unser tägliches Sporttrainung - unabdingbar für die abendlichen  Tangomilongas - gibt es einen Fitnessraum, wenngleich mit verbesserungsfähigen Geräten, dafür ist der vom Hausmeister Fernando bestens gepflegte Pool optimal. Alles in allem eine sehr schöne Wohnung.
<br/>Angela u. K.H.becker"
84033,9014251,02/12/2013,3012265,Lauryn,"It was wonderful! A perfect location, beautiful and clean place, and overall a great time. "
84033,11804848,15/04/2014,13197366,Camila,"La ubicación es perfecta, a pocas cuadras del metro y de la Plaza Serrano, en un barrio bien entretenido con muchos bares, restaurantes, tiendas, almacenes, etc.  El departamento es cómodo y  acogedor, todo impecable! "
84033,12147884,24/04/2014,7882365,Marcio,"Amazing location for good food and wine around. Good building security everything was fine and as described.
<br/>Palermo is not cheap: stores, restaurants, bars and night-clubs - don't go there if you are not used to stay in this kind of neighbourhood. If you like this stuff... super!
<br/>Cheers"
11508,69974425,15/04/2016,1649589,Jamie,The Palermo neighborhood is great for guests with easy access to the subway and many restaurants! Candela is very responsive and helpful. It was very easy and convenient to stay here.
11508,76664952,28/05/2016,4790882,Carolyn,"Candela was a wonderful host and gave us lots of information about the neighborhood and checked in several times to make sure everything was satisfactory. Although we did not meet in person, the check in process was easy and everyone in the building was very nice.  I am very happy we spent our month in Buenos Aires here and would highly recommend it to other guests!"
11508,124172812,01/01/2017,24103270,Andres,"Como lo exprese en una reseña de mi estadía en este apartamento en el 2015, el apartamento es moderno, con lindos acabados y muy bien mantenido, en un edificio como n excelente gimnasio y piscina, en una zona linda de la ciudad y de fácil acceso por transporte público. Candela ha siempre sido muy amable. La comunicación siempre fue fácil y efectiva. Es mi segundo semestre como huésped en este apartamento, lo recomiendo y de estar disponible, espero sea nuevamente mi casa en BsAs."
11508,140730453,31/03/2017,75218361,Gustavo,Excelente departamento tanto en ubicacion (2 cuadras del metrobus y subte) como confort (amenities del edificio).  Candela y Gaston siempre muy atentos en todo! Sin duda volveria a hospedarme!
11508,145868896,20/04/2017,75218361,Gustavo,Excelente departamento. Estuve casi 2 meses. Lo recomiendo 100%. Candela y Gaston estuvieron siempre predispuestos. Gracias por todo!
11508,150584133,08/05/2017,6998040,Jack,"perfect location, looks exactly like the pictures, very safe and secure, best views in the city from rooftop gym. "
11508,161313616,17/06/2017,18060466,Sonia,"I love this place.<br/>The internet works well, which is extremely important for me because I work from the apartment where I run my business.<br/>The apartment is spacious, in a nice part of Palermo. I LOVE the exterior wall windows so I always have a view of outside. And the view from the gym on the top floor is spectacular.<br/>The apartment is as shown in the pictures, and Candela is always helpful whenever I need anything.  "
11508,176721657,31/07/2017,18060466,Sonia,"Repeat business is the best compliment you can give. I stayed in Candela's apartment, and then promptly booked it again for a longer stay.<br/>And I wholeheartedly look forward to booking it a 3rd time for an extended stay.<br/>The apartment is wonderful. The building g is great. And Candela is a fabulous host.<br/>It was a wonderful experience all around."
11508,223024248,31/12/2017,24103270,Andres,"Another amazing semester at this fantastic apartment. Great location, easy/close to public transportation and outdoor green spaces. Great amenities and Candela has always been the best hostess, prompt to respond and always helpful. Highly recommended!"
11508,350805289,20/11/2018,18060466,Sonia,"I loved my time at this apartment. This was my secret and stay and i loved it so much the last time, i was delighted to come back.<br/>It felt like home. The apartment, the building, the staff - everyone was wonderful and I was thankful to be in this space for almost a full year on this trip.<br/>Candela is a fantastic host, she communicated well with me, and went above and beyond to make sure I had everything I needed for an enjoyable stay.<br/>I can't recommend this space enough. <br/>The location and views are tough to beat!"
11508,456408908,21/05/2019,10537553,Stefan,Great place and hospitality!
11508,480832554,03/07/2019,236926321,David,Had a great stay at Candela's place. Candela and Marcelo were very accommodating during my stay - would recommend!
11508,508837379,13/08/2019,274084323,Alejandro,"El lugar muy bien ubicado, el edificio seguro, el gimnasio tiene una vista impresionante! Candela y Marcelo muy atentos. Pase excelente. Muy recomendado."
11508,570061732,28/11/2019,21737013,David,"Fantastic apartment, perfect location, pool and gym are a huge bonus too!"
11508,744915464,03/04/2021,51909904,Bridgette,"I LOVED this apartment. It has so much natural light with really modern features and nice furniture. The building is really nice with an amazing gym and a nice pool. The location is absolutely perfect, right by Plaza Italia and not too far from the park. The shops, restaurants and bars in Soho are within 10 minutes walking, and Hollywood is not too far either. This place felt like a home 100%. Can't recommend it enough!"
11508,6.57201E+17,25/06/2022,228000258,Priscilla,"Gostaria de agradecer muito a atenção e o cuidado que Candela e Marcelo tiveram conosco, sempre muito prestativos e atenciosos. O local é ótimo, muito bem localizado, o apartamento também é excelente, com ar condicionado e calefação em nenhum momento passamos frio ou calor, a banheira é uma delícia. A única coisa não perfeita são as cortinas da sala translúcidas que não bloqueiam todo sol, tirando esse detalhe todo resto foi perfeito! Obrigada, Candela e Marcelo! Foi inesquecível!"
11508,6.7163E+17,15/07/2022,295034427,Santiago,Increíble departamento e increíble atención de Candela.
11508,6.73096E+17,17/07/2022,197606164,Juliana,Candela es muy amable y la comunicación y atención fue excelente. El departamento es bello y está ubicado en una excelente zona.
11508,7.71714E+17,30/11/2022,11758912,Anna,"We loved Candela’s apartment! It was perfect for a 2 week stay in Buenos Aires. Awesome location, and nice to have a gym and pool access. The host was very proactive in checking us in and helping us get settled for our stay. The building is nice and close to many restaurants and parks. Would stay again!"
11508,7.7895E+17,10/12/2022,9274771,Toni,"Candela y Marcelo fueron muy amables, atentos, flexibles y cumplidores en absolutamente todo. Sin duda intentaremos repetir cuando volvamos a alojarnos en Buenos Aires!"
11508,7.85449E+17,19/12/2022,119482261,Or,Candela and her staff were are great and nice they were responsive and flexible. The apartment was clean and just like the photos. Great building with a pool and really good location. I would definitely come back. Thanks for a great stay.
11508,8.12233E+17,25/01/2023,6685569,Nathan,"Great stay- the apartment itself is clean, modern and secure. There is 24/7 security and it's in a great neighborhood. <br/>Also, located near everything you need- grocery stores, a gym, and restaurants. A quick walk to the area that is full of bars and restaurants but two of my favorite restaurants in BA are within two blocks (La Carniceria and Las Pizarras)<br/>What really made the stay great were the apartment managers. Whatever you needed they were so helpful.<br/> I would definitely stay here again."
11508,8.38396E+17,02/03/2023,5840162,Mike,Gorgeous apartment and amazing location! Staff was super friendly and the weekly cleaning service was great! Would definitely stay again!
11508,8.90529E+17,13/05/2023,20777995,Steven,"Just finished a great 2.5 month stay at Candela's apartment in Palermo Soho. So happy we stayed here, as others have mentioned it feels like home as soon as you walk in. Candela was always very responsive along with the management team in the building. The apartment itself is very comfortable, plus having 24 hour security, an outdoor pool and a gym on the 31st floor with views over the city was amazing. The area is perfect being only a short walk to restaurants, bars, shops and parks. Look forward to staying again on the next trip to Buenos Aires!"
11508,1.0218E+18,10/11/2023,188575333,Sarah,"Candela’s place was great for a short term stay! Her communication was top notch. The location is good, about 10-15 minutes walk away from the cafes, restaurant and bars. Good Wi-Fi. Would have preferred that the couch faced the tv but at the end of the day not a big deal! Nice host and staff."
11508,1.03041E+18,22/11/2023,57821260,Joshua,Best place in Palermo SoHo!
11508,1.03629E+18,30/11/2023,9186629,Antonio,"This was a great place in a great location! Carmela was super helpful with a small wifi issue I had which was solved within minutes. Great building, would stay here again!"
11508,1.10583E+18,05/03/2024,384852144,Richard,"I stayed for 80 nights.  I would highlight these benefits/amenities...  Great Location - safe and walkable to whatever you need.  Great host - Candela or the building staff are available when you need them.  Clean apartment - No clutter and housekeeping comes to clean and change the linens/towels weekly.   Nice modern building on guarded property - Great gym, nice pool, laundry facilities available.<br/>I would absolutely be happy to stay at Candela's apartment again in the future.   If I get back to Buenos Aires then I will certainly check the availability of Candela's apartment.   For me it was a wonderful stay."
11508,1.14066E+18,22/04/2024,22918169,Ricky,"I had a great time at Candela's apartment. The hosts are very responsive and accommodating. The place has everything you need for an extended stay. There is a gym on one of the top floors with a fantastic view of the city and a reasonably large pool downstairs. The apartment is very safe, and the location is hard to beat. <br/>There are plenty of shops, restaurants, and bars within walking distance. You are only 2-3 blocks from the Santa Fe Subte station, plus plenty of buses, taxis, and Ubers are available in the area. If I return to Buenos Aires, I will certainly stay here again."
11508,1.21095E+18,28/07/2024,349656593,Maria Daniela,"El lugar de Candela es hermoso. Caminamos siempre a restaurantes, parques y bares ya que está muy bien ubicado. El internet funcionó de maravilla para tomar nuestras juntas y trabajar en línea. Sin duda me volvería a quedar aquí si regreso a Buenos Aires. Candela siempre estuvo muy al pendiente de nuestra estadía y nos ayudó mucho que fuera flexible con el check out! Muchas gracias por todo! Un viaje increíble"
11508,1.32259E+18,29/12/2024,164355491,Nicholas,"Excellent stay, great host and very accommodating."
11508,1.34283E+18,26/01/2025,89687634,Benjamin,"We had a wonderful stay at Candela's place. The apartment and amenities were just as described, and everyone we interacted with was excellent. Although we encountered a few issues, there was always someone available just a text away to help us resolve them. The addition of the weekly cleaning service was a bonus, and the amenities made it great value overall. Thank you very much!"
14222,1676096,10/07/2012,2444925,Adrian,"Happy House was an amazing experience ! The apartment is well located in Palermo, super cosy and nice !
<br/>And Manuel is the nicest person that you can meet in Buenos Aires for sure, he was always ready to help us, give us some advice !
<br/>
<br/>Happy House is THE place to stay for sure!"
84033,15366209,07/07/2014,9489071,Calum,"We stayed in Maria's apartment for 5 nights which is well located in the lovely area of Palermo. The apartment was a good size, the kitchen was useful and well equipped, the shower was great, as was the wifi. Luciana was there to greet us - she was really nice, showed us around and was very helpful. The apartment is close to restaurants, bars, cafes and only a few blocks from the nearest metro station. There are also lots of nice parks nearby for running and cycling. Would highly recommend to anyone going to BA."
84033,16858132,03/08/2014,18169647,Justin Donghyug,"The neighborhood was great in the middle of Palermo. The apartment was in decent condition.  You need to buy dish detergent, toilet paper and toiletries.  Please double check how many towels are given and if they have any stains. Maria emailed me after ckeckout saying she would charge me $40USD for the small towel that wasn't even given to me. I checked one of the most upscale department stores, Gallarias. Small towels were priced between $8 to $12 US. I asked why she wanted to charge me $40 and she said it is the price for the whole set. I said I wasn't even given the small towel and she later said it was the big towel that had stains. I said to her that I could buy a brand new towel then she didn't need to charge $40 and she lowered the price to $25. As I knew it was still overpriced, I asked her what was wrong with replacing the towel.  She replied I could do that after I left Buenos Aires.
<br/>
<br/>I wouldn't stay there again.  If I ever do,  I would count numbers of spoons, forks, pillows, etc. That..."
84033,18010734,20/08/2014,11456628,Stephanie,"Luciana was awesome! Our flight was cancelled so we checked in much later than our agreed upon time by Luciana was very flexible. The building is very modern and safe. The neighborhood is very trendy lots of great restaurants, boutiques and wineries. It's also within a short walking distance to the subway and other amenities. The apartment was very clean and felt very homey. The terrace is a great place to sip some malbec, even in winter! "
84033,18801347,01/09/2014,13417273,Pablo,"Excellent experience, the apartment is in a top location. Also it is in top conditions and very well equipped . Thanks to our host."
84033,19155366,07/09/2014,1208507,Richard,"Very nice apartment in the absolute perfect location to explore the amazing food and drinks of Buenos Aires. I fully recommend this place, with the only negative being that the building management goes a little nuts with very strong ""floral"" air freshener in the hallways every morning. "
84033,20524077,30/09/2014,15591546,Thuy Linh,"The location is ideal to go out in Palermo Soho and not too far away from the subway. The welcome was made by Luciana who was very clear in showing us the flat and making sure we will be at our ease. 
<br/>There is a laundry room however you need 4x$2 coins (to wash) and another $8 for drying. Believe me, we really struggled to find the $2 coins as there are quite rare so save them when you get them! This was the only downside of the flat!
<br/>Internet connection was very good as well as all the other amenities in the flat. 
<br/>Overall it was a great flat to do our tour of BA, definitely would recommend it!"
84033,21191378,13/10/2014,10507463,Katie,"The apartment is accurately described and is in a fantastic location in Palermo, easy walking distance to a great selection of bars and restaurants. It's ideal for the convention center and around 6 blocks from a subway. The apartment is very secure, safe and very well equipped.
<br/>
<br/>There are black out blinds in the bedroom, which is faced away from a main street so therefore relatively protected from street noise. 
<br/>
<br/>I would recommend to anyone wanting a stay in this area of Palermo. "
84033,21581550,20/10/2014,17979738,Matthew,"Nice quiet neighbourhood, close to main activities. Lovely place with an accurate description as to what it was.
<br/>Comfortable bed and all facilities that were required.
<br/>Luciana was really helpful in booking a car form the aiport for us and Manuela organised one on the way back.
<br/>Modern comfortable stay"
84033,24908504,04/01/2015,3215929,Suzanne,"This is a fantastic location in the heart of Palermo and close to Plaza Italia with buses and subway access.  We are a couple in our 60's and walked many places.  We really enjoyed the neighborhood with coffee shops (LatteNte on Thames) and the restaurants all within the area.  The apt has good light and it was always fun arriving home.  We stayed for 2 months in Nov and Dec, enjoyed the pool, the weight room and outside roof deck.  The roof deck was lovely in the late afternoon to sit out reading.  The house manager, Luciana, was so helpful.  "
84033,25264229,11/01/2015,20639517,Ben,"Great apartment, with super terrace.  Maria/Luciana were very accommodating on check-in and check-out times.  Excellent area, very buzzy.  Would highly recommend."
84033,26125300,04/02/2015,13728882,Alan,"On behalf of Maria, Luciana made us very welcome and gave us a comprehensive explanation of the setup. The apartment block itself is ultra-safe, good sized swimming pool and an easy walk to the metro. Many good restaurants dotted all around, supermarket only 5 mins.
<br/>
<br/>Apartment is excellent, everything you need, with the bonus of a large roof terrace, perfect after a swim! Highly recommended."
84033,27912893,15/03/2015,8943102,Clifford,"This is a great apartment in what we consider is the best area in BA.
<br/>This is our 5th - 5 week trip to BA in the past 6 years. The apartment is as pictured, very clean and well equipped. Appreciated the expresso maker, juicer and blender not usually found but so nice when staying for 5 weeks. Check in and out was very simple and on time. The area is simply the best as there is lots to do within walking distance and the D-Line offers easy access to many other nice areas for exploration. 
<br/>For those considering a trip but concerned about safety we have now spent 25 weeks in BA. We have walked many miles exploring and taking pictures and have never had a concern even returning from restaurents at night. Have used the subway over 100 times and as we are 76 and 68 are offered seats almost as soon as we get on. This sure does not happen in Vancouver, Canada!!
<br/>
<br/>"
84033,30071843,17/04/2015,20724405,Paul,"Great apartment in a pleasant area with plenty of restaurants nearby, a five block walk down to the Metro, but there were also plenty of buses that go from Plaza Italia to anywhere you want.  Very secure. The terrace upstairs was great for breakfasts and relaxing.  We were there more than three weeks and would stay there again.  The only thing we found difficulty with was getting enough coins for the washing machine, but we could take our washing to the launderette down the road and have it washed dried and ironed for about $3 a load."
84033,31289693,04/05/2015,26322216,Claire,"My husband and I had a wonderful stay here on our honeymoon! Fantastic location, everything as described, very secure and well equipped. Loved the terrace! Very friendly neighbors even accepted our lost luggage from our airline and brought it to our apartment."
84033,34029327,03/06/2015,244309,Imogen,"We had a great time in this apartment for 5 nights.  Maria and Luciana were fantastic with communication. Luciana gave a great rundown of the apartment when we checked in. The apartment is clean, modern and has all the amenities for a week long stay. Wifi is strong and the security on the building is very good. The apartment is in a convenient location for exploring the palermo soho area.  Supermarket and restaurants are close by. We would have stayed for the 2 nights when we came back to BA but they only do 3 nights stay. Thanks for having us!"
84033,40030562,27/07/2015,553555,Erik,"Excellent location convenient to good shopping and dining options as well as a few minutes walk to the subway. Perfect romantic getaway for two people with a large private terrace upstairs. Set back off an already quiet street overlooking a calm courtyard in a secure building. The grocery store, hardware store, and pharmacy we used were located within a few blocks. Communication with Maria was prompt and Luciana was very helpful and spoke good English. We also had no problem finding taxis, even when we had an early morning flight out."
84033,50637410,13/10/2015,22975834,Aidan,Great city apartment in a very vibrant part of town. Perfect for a couple and the host was excellent. Would highly recommend 
84033,52622714,31/10/2015,15974744,Daniel,"Excellent easy check in. Beautiful location in wonderful area of Palermo with many shops, restaurants, cafes close by and easy walk to subway and beautiful parks. The apartment was clean, modern, spacious, safe, quiet, with beautiful rooftop terrace exactly as described.would highly recommend and definitely would stay here again.easy communication with host, easy check out, and no problems."
84033,54383560,19/11/2015,37245089,Elizabeth,"La comunicación con Maria fue muy fluida y contesto a todas mis preguntas. El Check-in funciono perfectamente. El apartamento es exactamente como en el anuncio. El barrio es claramente muy lindo y el apartamento esta en el centro de todo (bares, restos, cerca del metro, parque....). La experiencia fue excelente. "
84033,54698799,23/11/2015,24930875,Mark,"Great apartment and great location.  Everyone was accommodating to my plans, great stay."
84033,55212640,29/11/2015,3719970,Larry,"Wonderful apartment!  The location was perfect, the private terrace sensational, the building very nice, and the apartment itself comfortable (and quite quiet).   Arrival and departure were handled very professionally.  I want to stay there again as soon as possible! "
84033,59193451,08/01/2016,35272638,Pedro,I just got back from Argentina and staying here. I can tell you we enjoyed our experience immensely wish we had more time.... Next time I will come back longer <br/>The host was very accommodating as we arrived very late to Argentina and the host was able to accommodate such a late entry  thanks Maria <br/>Also the accommodation was really nice and everything worked as expected and the location was very central to all Palermo bars. <br/>I have nothing but praises for this place and host and we had no issues all troubles at all all our needs were quickly resolved by the host. If you come here make sure you learn how to cook a nice asado (bbq) as they have a parilla which we didn't get a chance to use ... <br/>Thank you host Maria 
84033,69421277,11/04/2016,1098031,Jeffrey,"We enjoyed our time in Maria's apartment and found it very comfortable and well located in the Palermo Soho neighbourhood, close to restaurants, grocery stores and other amenities. The rooftop patio was great, with the couch area under cover so we were able to enjoy it even when it was not so nice outside. "
84033,88496349,24/07/2016,22208657,Arturo,"Viajamos con cierta frecuencia a Buenos Aires. Nos hemos hospedado en distintos apartamentos, pero este es uno de los mejores, sino el mejor. Está muy bien situado dentro de Palermo; el edificio es moderno y tiene facilidades como terraza para asados, piscina y gimnasio. Estábamos en invierno, pero en verano debe ser aún mejor. Muy recomendado."
84033,92658698,09/08/2016,3125163,Michel,Great Experience!
84033,96358176,22/08/2016,73374327,Roger,"This location in the middle of Palermo Soho is fantastic, and Maria made sure we had a great experience!"
84033,100722327,10/09/2016,34446600,Stephany,"La experiencia estuvo perfecta!
<br/>El departamento como tal, la limpieza, la atención prestada y todos los servicios descritos, se recibieron a satisfacción.
<br/>La zona, muy céntrica, amigable.
<br/>El encargado del edificio, Fernando, un tipo muy amable y servicial.
<br/>Recomendado 100%.
<br/>Muchas gracias!! "
84033,102883100,19/09/2016,76135882,Gaston,Hermoso y acojedor depto.... ideal para descanso y reuniones
84033,104118902,25/09/2016,16262436,Elisabet,"Tanto María como Luciana son unas excelentes anfitrionas, en constante comunicación y muy predispuestas para lo que se necesite. El departamento es muy lindo, luminoso, limpio y cómodo. Posee una terraza muy linda que por falta de tiempo no llegue a aprovechar al máximo. Está ubicado en la mejor zona de Palermo, cerca de la zona de los restaurantes a los cuales se puede acceder caminando, también está a muy pocas cuadras de la parada de subte?"
84033,106148689,04/10/2016,900805,Cassy,"The apartment was sparkling clean, comfortable and is located in a great area. Pick up of the keys was quick and easy, and communication was open and welcoming to any questions or help that we needed. Highly recommended! "
84033,107708936,11/10/2016,63611019,Men,"good location, very friendly landlady, great area. we recommend it and would love to be back one day. "
84033,109439758,21/10/2016,9262680,Kyle,"Our stay at Maria's was fantastic. Both Maria and Luciana were easy to work with. Communication was quick and both went above and beyond in various circumstances. The apartment is relatively new and is located in a convenient place between Palermo Soho and Palermo Hollywood, and just around the corner from Don Julio and lots of small Kiosks where you can buy fruit and snacks. The area is also frequented by taxis early and late in the day. Thanks Maria and Luciana! "
84033,110618356,27/10/2016,13168254,Rosa,"This place was perfect! It was located in a great neighborhood. You can walk to some amazing coffee shops and restaurants. There was a safe located inside the apartment for your valuables but the building is super secure and safe. The host has several power adapters if you forget yours. We had brought one but having another one was very helpful. We did an early check in, after a very long flight, that was super helpful as well. The deck is very private for relaxing. We didn't get a chance to use the sauna or pool but can't wait to come back! "
84033,112086570,04/11/2016,7936933,Colin,"This apartment is nice and is located in a lovely area with very good access to lots of great bars and restaurants. Because of its central location it is also within walking distance of some of the beautiful parks in Buenos Aires. Unfortunately there is a 'but'. The biggest issue for my wife and I was the security side of things. None of the windows or sliding doors were lockable. We did have access to a safe in the bedroom and there were security cameras in the building however I feel that if you are renting out your property to guests they should at the very least be able to lock up the property. Also we were very disappointed with the rooftop area (which was actually the reason we booked this place). It was dirty, the deck chairs broken (which we were told would be replaced after our stay- unfortunately not much use to us!), and the cushions for the dining chairs were found on the ground, covered in mould. This apartment has potential but definitely needs some TLC to bring it up to the standard that we ..."
84033,112995693,09/11/2016,23946346,Louise,"This apartment is great, we chose it because of the location and roof terrace and they don't disappoint! It's a perfect size for a couple or single person and everything was clean and tidy. It was a little less personal than some places we have stayed, but the host was really helpful and easy to contact. "
84033,115667038,26/11/2016,6143255,Juan,"El departamento de Maria es super cómodo. Esta muy bien ubicado en un gran barrio de Buenos Aires y completamente accesible con transporte publico. No conocimos a Maria pero estuvimos en contacto sin problemas y hay gente a cargo en Buenos Aires.<br/>La terraza es sin dudas lo mejor, perfecta para hacer asados con amigos. Hay detalles menores de mantenimiento pero Maria respondió rápidamente y se solucionaron. Muy recomendable!"
14222,1767466,22/07/2012,416362,Luiz,"O apartamento, bem localizado em Palermo, a duas quadras do metrô Bulnes, é uma ótima opção de estadia em Buenos Aires. Manuel foi muito atencioso e acolhedor com minha família e eu.
<br/>
<br/>"
14222,1850636,31/07/2012,2743959,Soleny,"Fiquei 6 noites no apartamento e foi uma experiência excelente!! Ele é muito bem localizado, perto de tudo, numa região maravilhosa. A mobilia do apartamento é linda e tem tudo na cozinha para funcionar muito bem. Sugiro apenas uma revisão nas toalhas de banho que estão muito gastas. Mas valeu a pena a hospedagem e o Manuel é muito educado e simpático !
<br/>"
14222,2038007,20/08/2012,2384444,Carlos,"El apto Happy Hose en Palermo estuvo excelente, tal cual como lo vimos en esta pagina, esta super bien ubicado con todo bien  accesible, supermercado, restaurantes, cafes etc, a una cuadra de la v Sta Fe que es bien conveniente y a una cuadra del Shopping Alto Palermo, pero el plus del apto es Manuel, quien es un chico super amable y educado, nos dio unos tips bien buenos, no  encanto compartir con el ."
14222,2668676,21/10/2012,1882167,Camilla Olivia,"This was the first time we rented a apartment through Airbnb, but its not going to be the last! 
<br/>
<br/>Manuel has been the most amazing host, he is allways there to help you with whatever you need. Here you really feel at home and welcome! He has taken us with him to meet his friends and to barbecues, wich has really been great! He had prepared everything so nice when we got here..he even has a tin of joy ( La lata de la alegria)..that we actually manage to empty! 
<br/>
<br/>The Happy House is better than you can imagine, and if we could choose, we'll stay here forever! Mercedes has done a incredible job with the decorating, colors and style. Its beautiful, has lots of space and everything works as it should. The apartment is light and clean. 
<br/>
<br/>The location is amazing, close to everything and really easy to get around. There are super markets, cafes, parks, subways and buses, shopping and a cinema just around the corner. Its also a reasonably quiet street, so trafic and noise wont bother yo..."
14222,3324117,10/01/2013,408329,Nicolas,"juste parfait.
<br/>just perfect
<br/>
<br/>nice and sweet people, very helpful.
<br/>l'attention mise à l'accueil, à tout ce qui peut aider l'installation dans l'appartement : des choses simples comme du savon dans la salle de bains et de l'huile dans la cuisine, Mercedes et Manuel nous avaient mis de l'eau au frais, acheté une bière... bref. assez rare, comme accueil."
14222,3362243,17/01/2013,246520,David,"Great location, very clean house, Mercedes is a great host, absolutely recommended for any duration."
14222,3442637,30/01/2013,4511110,Erin,"Manuel and Mercedes were perfect hosts: quick to respond to any inquiry before and during my stay, flexible, friendly and very welcoming, and offering plenty of advice. The apartment is well located, very comfortable, and fitted with all conveniences. For a hassle-free stay in BA, I couldn't recommend Happy House more highly. Thanks Mercedes!"
14222,3599623,22/02/2013,3434327,Denise,"Spent two weeks at Happy House. The house was well appointed and well situated next to a subway, several grocery stores and a variety of restaurants, bars and cafes. It is also quite central and close to Palermo Soho and Hollywood. Check in and check out was easy. The owner really took care in making my stay a pleasant one.  Since she knew I was going to be working from the apartment, she even took the time to rearrange the living room ahead of my arrival - without me having to ask - so that my work desk would be well positioned next to a window. My flight out of Buenos Aires was at night, and there was absolutely no problems when I asked to check out at 6pm. The Internet is a bit slow, but still works well for sending emails and surfing the Web.  I'd have no problems recommending the apartment to anyone going to Buenos Aires."
14222,3790125,15/03/2013,4630833,Martina,"I was at the Mercedes home 4 days and I felt at home.
<br/>The apartment is very comfortable, the location is great for exploring the city and Mercedes is available for any information.
<br/>I would recommend staying in the apartment of Mercedes at all."
14222,3850065,20/03/2013,4899174,Ana,"I had a lovely week at Happy House! Manuel and Mercedes were perfect hosts: attentive, quick to respond to any inquiry before and during my stay, flexible, friendly, honest, very welcoming, and offering plenty of advice. The apartment is beautifully, great location (near shops, Sta Fe, Alto Palermo shopping and tube station), very comfortable, and fitted with all conveniences. I warmly and highly recommend Happy House and I Iook forward to my next stay. Thanks Manuel and Mercedes! 
<br/>"
14222,3886696,25/03/2013,4726744,Ale Y Pili,"Nuestra estadía en la “Happy House” fue estupenda. Nos atendieron de maravilla y se mostraron muy flexibles ante nuestro repentino cambio de planes. Tanto Mercedes como Manuel estuvieron siempre atentos y dispuestos a ayudarnos. La casa es muy cómoda y posee todo lo necesario para ser acogedora y a la vez práctica. Muy recomendable. 
<br/>"
14222,3979184,01/04/2013,2882001,Stijn & Katrien,"Both Mercedes and Manuel were very welcoming guests.
<br/>
<br/>The happy house is a peaceful place in the middle of BA - Palermo and a great base for exploring the city.
<br/>
<br/>Thanks a lot,
<br/>Stijn & Katrien"
84033,117010436,04/12/2016,13544430,Giuseppe,"I really have to say that this acccomodation in Buenos Aires made my trip. Location is great, so many restaurants around and bars and clubs to live the amazing nightlife in BA but the real pearl about this apt wa the quiet, the silence around, the spacious and luminous apartment, the private terrace upstairs, the new and well
<br/>Refined space, the amazing pool which most of the time was empty so it felt like I had a private pool and wellness center all by myself. Last but not least the amazing Manuela who took care of us even if our flight hab 4 hours delay!! She waited for us to check in till 2,30 am and she was understanding, kind, smiling and super super accommodating. I think I would go back to Buenos Aires only if this same apartment will be again available. Thanks for everything. 
<br/>Ps: the pictures really don't give justice of the place and the pool. They are much better in real life. Enjoy Buenos Aires and remember that just 2  streets from this apt you have one of the best restaurant of Bueno..."
84033,125838441,07/01/2017,25456666,Jean,"Excellent quartier près de tout.
<br/>La piscine est très bien
<br/>Le métro est 700 mètres 
<br/>Tous les restaurants et bars sont à proximités.
<br/>"
84033,152952381,19/05/2017,22208657,Arturo,"El departamento esta ubicado en una zona muy buena, tiene restaurantes cerca, librerias,  tiendas lindas ...etc, el edificio es inmejorable, la zona de ginmasio es muy buena, los vecinos y el conserje realmente  gente muy querida y educada , el apartamento es lindo, cuenta con todo lo que uno necesita y la terraza es un espacio que uno puede realmente aprovechar, el precio corresponde a lo que ofrece. Totalmente recomendado. "
84033,176742666,31/07/2017,4432023,Alexa,Maria's apartment was perfect! It's in a great neighborhood with lots of restaurants and shops and has a wonderful roof deck! Maria was extremely responsive and helpful!
84033,184383905,19/08/2017,7374200,Alberto,"This a great place, a little loft with a rooftop terrace and one can cook and work--- great days here!"
84033,185780666,22/08/2017,83350982,Sofi,Todo impecable . Muy recomendable .
84033,188791758,30/08/2017,108329410,Mark,"This apartment was in a good position and good location close to many shops and restaurants. it is a safe place to stay, well secured, my partner and I loved staying there and we would stay there and again. Thanks María and Luciana for your hospitality. Keep up the great work !<br/>Mark & Denesse"
84033,192510478,10/09/2017,13657567,Kelly,"Maria's apartment was perfect for our short stay in Buenos Aires. We have only stayed in Palermo Hollywood on our previous visits, so it was nice to try a different neighborhood this time. Soho has lots of restaurants and bars plus fabulous shopping. The upstairs terrace is a great bonus to have along with the swimming pool, especially if you are there in the summer time. The streets of Buenos Aires can be noisy, but Maria's apartment is in the back of the building so it is nice and quiet. I would highly recommend staying at Maria's apartment if you are traveling to Buenos Aires."
84033,193696776,14/09/2017,58805710,Mariana,"El depto es muy lindo y muy amplio, ademas de estar muy bien equipado. Tiene todo para pasar unos días agradables. En cuanto a la ubicación, el barrio es muy lindo, rodeado de restaurantes y esta cerca de los transportes publicos. Muy recomendable!!"
84033,206258475,24/10/2017,13256251,Elle,"We loved this apartment! It's in the best area near so many good coffee shops, bars and restaurants. It's very secure and the hosts answer your questions really quickly. It was clean, spacious and had everything we needed. Would highly recommend."
84033,211620157,13/11/2017,33595242,Tammy,"Great location, clean. Small and sweet with an amazing terrace, perfect for asados and relaxing."
84033,215554058,30/11/2017,64331244,Lawrence,"Maria's place was the perfect home away from home. The location, close to everything you would need when visiting Buenos Aires. The rooftop patio was amazing and such a relaxing space. We had questions and arranged taxis for us. It truly made our trip to Argentina. Thank you."
84033,217067322,07/12/2017,154361885,Laura,"ALTAMENTE RECOMENDABLE.<br/>Amplio, cómodo y con una terraza GENIAL.<br/>La ubicación es buenísima.<br/>Palermo Soho es fascinante.<br/>Luciana ha sido encantadora y pendiente de todo.<br/>Muchas gracias"
84033,220060583,20/12/2017,29350181,Juliana,"Everything was great! Exactly as described. The apartment is really nice. Loved the terrace, the parrilla and pool. Also the neighborhood is very convenient and safe. No issues at all. Would definitely recommend it."
84033,221404180,26/12/2017,35590167,Sophie,"We thoroughly enjoyed staying in Maria’s app. It is very comfortable and close to great places to eat and enjoy. The terrace and swimming pool were such a bonus. Luciana was very professional, attentive and thorough to show us around. We will definitely come back!"
84033,224835423,04/01/2018,107038131,Jürgen,"Wir haben eine tolle Zeit dort verbracht. Wir wurden freundlich empfangen! Die Lage ist TOP und sehr zentral.<br/>Vor allem die große private Terrasse hat uns sehr gefallen. Ein Sonnenschirm und ein Gartenschlauch wäre noch toll gewesen. Das Internetmodem sollte ausgetauscht werden, es stürzt häufig ab. Die Unterkunft ist sehr zu empfehlen.<br/>Wir kommen gerne wieder!"
84033,226030512,08/01/2018,15176579,James,"We were met on arrival at the apartment and given a thorough check in and overview of the building.<br/>The location is great with plenty of shops, bars and restaurants in walking distance.<br/>The apartment itself was clean, tidy and plenty of space for 2 people. The terrace area is great to relax at any time of the day.<br/>Overall a positive and enjoyable experience. Would recommend!"
84033,228013914,17/01/2018,3075764,SiSi,"Maria's place is exactly as pictured, the rooftop terrace is awesome for afternoon sunbathing or evening lounging (we were there in January). It is sparsely furnished but functional, and a perfect size for one or two people. Maria and Luciana are excellent with communication over WhatsApp and were extremely flexible with our check-in, ensuring we could get into the apartment well after midnight when we first arrived!"
84033,250539579,05/04/2018,62258006,Cecilia,Maria's place has a unique location and terrace.
84033,255133966,19/04/2018,76165552,Katherina,"Fueron días increíbles! El departamento es tal cuál se ve en fotos e incluso mejor! Es un espacio para disfrutar al máximo sobre todo la terraza privada con el asador! La atención es excelente, Luciana es una chica muy atenta y amable. La ubicación es INMEJORABLE! Cerca de restaurantes, locales y vida nocturna pero a la vez la calle del departamento es silenciosa y tranquila. Tiene supermercados, farmacias y kiosco en la esquina! Deseando volver pronto! Gracias por todo."
84033,256274694,22/04/2018,156252836,Hector,Muy confortable el depto de María veracidad en todo lo que ofrece
84033,267336024,21/05/2018,16127763,Filippo,"We had a great time at Maria's apartment.<br/>The area is really cool, with supermarkets, bars, shops and restaurants at walk distance.<br/>Really recommended!"
84033,275173328,10/06/2018,27009364,Simonia,"Apartamento lindo, acima das minhas expectativas, acho que é o melhor apartamento do airn'b que já fiquei! Espaço excelente, um terraço ótimo,, além de dentro ter tudo, super bem cuidado, decorado e novo. Localização excelente tb, portaria, tudo, indicaria pra quem fosse a Buenos Aires! Cama e travesseiros mt bom e limpos tb! Aquecimento, tudo ótimo e em ótimo estado!"
84033,296313119,25/07/2018,189709215,Fran,"Ótimo apartamento, melhor localização para vida noturna em Buenos Aires."
84033,312012407,22/08/2018,149004294,Alberto,"Impecable en todo sentido, con terraza propia y parrilla. Todo funciona perfectamente. La zona excelente. No lo duden."
84033,314245135,26/08/2018,63819311,Emanuel,Lovely terrace!! 100% recommended!
84033,319497506,06/09/2018,9101574,Gonzalo,"The apartment is just exactly as the picture shows -or even better¡-. Everything was clean and perfect. Location is a plus, just 2 blocks from bars, restaurants and trendy stores of Palermo. <br/>Maria and Luciana were super hosts, always available to solve any problem or assist with recommendations. The building has also gym and sauna, the terrace is an amazing place to enjoy with friends and grill an Argentinean Asado¡ <br/>I will definitely stay again in this beautiful apartment¡"
84033,321915677,11/09/2018,38671507,Marion,"Excelente apartamento! Confortável, com tudo o necessário e com uma ótima localização, bem próximo a bares, restaurantes, metrô, mercado, etc. Voltaria com certeza. <br/>Excelente apartamento! Confortable, con todo lo necesario y con una gran ubicación, muy cerca de bares, restaurantes, metro, mercado, etc. Volvería con seguridad.<br/>Excellent apartment! Comfortable, with everything we needed and a great location, right next to bars, restaurants, subway, market, etc. I would go back for sure."
84033,323434683,15/09/2018,64173806,Pat,"Maria’s apartment is just like the photos represent.  The location could not be better as it is right in the heart of the trendy Palermo area.  Maria was in touch throughout although I didn’t meet her.  Luciana was there to let me in and she took me through the whole procedure. <br/>Many great tv channels in English which was a nice surprise.  Great coffee shop (Padre) on the corner.  Lots of bars and good restaurants within a few minutes walk and Plaza Serrano is close as well.  Fernando, the doorman, is helpful as well but he speaks zero English so brush up on Spanish if you want to converse with him!   <br/>Bed is comfortable as is the shower.  And having the private terrace is a really nice touch if you want to chill out up there.<br/>For the money, it’s a great place to stay.  I would absolutely stay here again if visiting Buenos Aires."
84033,327186970,23/09/2018,113864375,Marcos,"Espaço ótimo , confortável, ensolarado, silencioso , e numa localização fantástica , próximo de cafés e restaurantes de excelente qualidade. Espero retornar um dia."
84033,336579924,14/10/2018,2654442,Julieta,Apartamento con una ubicación excelente. Cuenta con todos los servicios y oportunidades de ocio. Es tal cual se muestra en las fotografías. La anfitriona fue muy atenta y estuvo pendiente en todo momento. Lo recomiendo sin duda.
84033,342823946,29/10/2018,54388709,Javier,Maria’ place is a great gem in Palermo. The apartment has its own terrace with BBQ gril and full of amenities. Luciana was there to help with everything! I' definitely stay again.
84033,344392957,03/11/2018,217382906,Damián,"Mi departamento en Palermo, y no se extraña la parrilla, porque tiene terraza con parrilla propia, la mejor elección !!"
84033,346139832,07/11/2018,36283824,Harriet,"We found the apartment an absolutely ideal base for our five day stay in Buenos Aires. The neighbourhood is perfect - lots going on and a huge variety of restaurants, shops and bars, but more chilled out than the city centre. The apartment had everything we needed and the roof terrace was a serious bonus after a busy day's sightseeing. Would highly recommend."
84033,347565219,11/11/2018,626288,Jairo,Maria’s place was in a great location in Palermo. There were some issues with check in but she helped resolve them within a few hours. The space is large and clean.
84033,349124380,16/11/2018,22031664,Martijn,big recommandation. everything you need is there. we will come back!!!
84033,354335282,01/12/2018,224117,Eduardo,"Great location.  Very comfortable, bright and sunny spartment. And a beautiful private terrace."
84033,357522827,10/12/2018,13768347,Joerg,"It was my 13th time with airbnb in BA an Maria’s Flat was really the best location of all.<br/>The flat is perfect! <br/>Near Plaza Serrano, supermarkets, bars restaurant and shops.<br/>The house is very secure and also lovely designed.<br/>Maria’s Flat on the 4th Floor with its own Roof Terrace is modern sunny an clean <br/>I enjoyed my time very much and can highly recommend Marias place.... it is really wonderful... thanks Maria and Sara"
84033,359219523,16/12/2018,18688916,Richard,"This appartement is very well situated.  It is comfortable and cozy.  The pots and pans could be replaced with something less worn out.  The coffee machine is great.  The bed is a standard double.  Not a queen but, nonetheless very comfortable.  The hostess is very accommodating and always responds quickly.  I would go back."
84033,363794682,29/12/2018,2546411,Gerard,Great apartment located right in heart of Palermo Soho - balcony was a great perk.
84033,365527164,01/01/2019,20320834,Liz,"Great location and value in the heart of Palermo. Easy access to many cafes, shops, bookstores in the area. Very safe and accessible. Great amenities, like a home away from home!"
84033,368213707,06/01/2019,8571535,Iman,Amazing apartment with a huge private terrace! Great location! Pool was a bonus in the summer heat! Definitely recommend.
84033,404032879,22/01/2019,107917438,Simon,"one of the places which even turn out better than expected - and i do choose my air bnb places. great appartment in the best zone of palermo, nice pool and social area, great terrace and everything there you might need. great attention by the girls helping you to check in/out. nothing to improve..."
84033,411741766,13/02/2019,200200980,Tomas,Sehr schönes Appartment in bester Umgebung
84033,417816104,28/02/2019,60225643,Kam,"Maria’s place was exactly what I had hoped for. Clean, private, well equipped for short or long stays. Great communication. The location is perfect for tourists. It’s close to nightlife however you will never hear noise even on the weekends. Great value!"
84033,431690398,01/04/2019,8943102,Clifford,"This is our 2nd month long  stay in Maria’s place. As usual checking and out were perfect. The roof top terrace is great. <br/>The elderly espresso maker quit, let María know, and in a day a brand new one was delivered. <br/>The area is simply the best place to be. All services very close and a short walk to the subway to explore more of the city. <br/>For those concerned about safety this is our 6th month long trip to BA. We have never had even a single incident that was of concern."
84033,440962158,21/04/2019,27095110,Margarete,"O apartamento de Maria é muito bem localizado,  em uma rua tranquila, porém perto de vários restaurantes, cafés e lojas. Tem todos os utensílios e aparelhos necessários para uma ótima estada. Voltaria a me hospedar em outra visita a cidade."
84033,445514837,29/04/2019,8039160,Olga,Fantastic location. Great upstairs terrace. Lots of restaurants cafes shops close by. Great communication from owner. Good value for money. Will go back.
84033,447397323,03/05/2019,45877211,Gabriel,"Great,  safe location near to all local bars and restaurants. Highly recommend exploring the local area."
84033,455923267,20/05/2019,3307177,Marc,"Very nice apartment. Super clean and I thought it had everything I needed. The private terrace is awesome. The pool is freezing right now, but if you want to swim some laps, they’ll clean it for you first, which is great. Get the sauna going first, so you can head in to warm back up!<br/>Love this neighborhood. Amazing food, great nightlife. Not noisy at all at night so you’ll sleep well (w an eye mask). There’s a school nearby, so you can hear kids during the day which I found charming.<br/>The private terrace is ridiculously cool. Took some great naps up there even w the cold weather.<br/>To consider:<br/>It advertises a gym. If that’s important to you, check w the host on the status of any equipment you might want to use. None of the cardio was usable...treadmill, bike, or elliptical. I just used it for stretching and light weights.<br/>I’m not sure if it was just me, but it seemed the sliding doors didn’t all lock well. I don’t travel w much, so crossed my fingers. You might inquire about that as well...."
84033,464016962,04/06/2019,109465560,Renan,"Acabamos de voltar de uma viagem de 5 dias a Buenos Aires e durante ela estivemos hospedados no apartamento da Maria. <br/>Ele é realmente um local muito bem cuidado e pensado no bem estar do hóspede.<br/>O apartamento conta com todos utensílios e itens para uma boa estadia. <br/>Com ambiente espaçoso e moderno o apartamento ainda tem como um plus, um terraço gigante e uma incrível parrilla.<br/>A localização e ideal para quem curte uma boa vida noturna e boa gastronomia!!<br/>Gostaria de ressaltar a cordialidade de Luciana, que nos atendeu super bem e esteve sempre atenta aos detalhes e se estava tudo correndo bem.<br/>A nota para este apartamento é 10!"
84033,467529832,10/06/2019,21176960,Leonardo,"O apartamento é simplesmente perfeito apar um casal. A Localização é perfeita, próximo a infinitos restaurantes e toda a movida de palermo. Se o hospede quiser fazer um churrasco,  a churrasqueira do terraço é maravilhosa. O check in e check out são feitos pela Luciana, que é maravilhosa, muito profissional e atenta a  tudo, além da simpatia contagiante! nos ajudou dando dicas de lugares, supermercados, etc.<br/>Enfim, a hospedagem perfeita!"
84033,484261230,08/07/2019,31275779,Anna,"Хорошая квартира, удобное расположение! Зона барбекю личная в квартире с выходом на крышу превосходна, все есть для приготовления мяса. Из всех мест в Буэнос-Айресе, где приходилось оставаться - это лучшее! Проблем с заселением не было, милый консьерж в доме, который помогал в возникающих вопросах. Отличный район и отличная квартира."
84033,490362739,18/07/2019,44841123,Marcelo,"Departamento ideal para una pareja. Moderno, luminoso y con una localización excelente. La atención de Lu fue muy buena. No tuvimos ningún problema durante la estadia. Los que vayan en verano pueden aprovechar la terraza. Fuimos en invierno y hacia mucho frio. En otros departamentos ya tiene acceso  a flow, talvez deberían pensar en eso para instalar."
84033,507277938,11/08/2019,66172837,Renato,"El espacio es excelente, muy bien ubicado y tambien muy limpio."
84033,518920776,27/08/2019,77271485,James,"Beautiful apartment and terrace in a great location, near to Palermo's restaurants and bars, lots of large parks and Plaza Italia's multiple public transport options. A great find"
84033,530107351,15/09/2019,242570370,Fabian,Great place all around....
84033,534208429,22/09/2019,28814614,Lucas,"Location is excellent, right in the heart of Palermo Soho, where all good restaurants, bars and coffee shops are! The apartment is quite convenient, and the terrace is very nice. Would def come back :)"
84033,543368657,07/10/2019,75979269,Christian,"Very good location, great outdoor space, safe building, good host."
84033,547082778,14/10/2019,11981043,Rachel,"The apartment had everything we needed and we loved the roof terrace. We were able to host a BBQ for our friends and family using the grill and the kitchen had enough plates, utensils, etc. Communication was great and we appreciated the flexibility with check in/out."
84033,551597088,20/10/2019,468912,Patrick,Nice apartment in great location near restaurants and bars of Palermo Soho. Easy check in and good communication. Enjoyed the roof terrace. Highly recommended.
84033,555344872,27/10/2019,5428406,Jurriaan,Really nice apartment in the middle of Palermo! Great location and beautiful apartment. Enjoyed the rooftop every day! The communication was perfect. We absolutely recommend this apartment!
84033,561474641,09/11/2019,113931864,London,The apartment was great! The location is unbeatable and the amenities are as described. Maria and her team were very easy to work with. Gracias chicas!
84033,565472659,17/11/2019,119368248,Soeren,Great place in an awesome location incl. pool area and private bbq. Definitely to recommend!
84033,572354185,02/12/2019,63241870,David,The apartment is lovely and exactly as described
84033,579378223,20/12/2019,10678860,Dorothea,"Great location, stylish apartment and a lovely pool. Excellent communication and their flexibility with my check in was a bonus."
84033,582716094,27/12/2019,64630346,Angela,The roof terrace was excellent.
84033,589647646,06/01/2020,9666438,Janne,Really nice Appartement in the lovely Palermo. We enjoyed our stay and the communication was very good! Would recommend this place.
84033,595029902,19/01/2020,161766880,Alan Da Silva,"Apartamento como nas fotos, bem localizado e anfitriã atenciosa"
84033,599536830,30/01/2020,7380675,Anja,"I highly recommend Marias apartment in the bohemian district of Palermo Soho. It is exactly as shown on the photos. The bed is really comfortable and the air conditioning works perfectly. Check in and Check out was easy.<br/>A fresh start in the pool in the morning and a sparkling cool drink in the evening on the roof top terrace - what else to ask for?<br/>The roof top terrace is private, which is a huge advantage if you just want to hang around or take a sun bath. The pool is for all residents of the house, but as I am more the early bird and went swimming around 7 am, nobody was there and I had the pool all for myself.<br/>Also the area of Palermo Soho is amazing: perfect for shopping and eating out. I highly recommend Don Julio for lunch or dinner, Rapa Nui for Chocolate (they have a super nice garden) and Bar Sheldon for a cocktail.<br/>Thanks Maria & Luciana for the nice stay in Buenos Aires!"
84033,604806180,12/02/2020,305496424,Terry,A great apartment in a great area. Can’t wait to return.
84033,616715035,10/03/2020,200200980,Tomas,"Second time in this apartment, great location in town, quiet and comfortable"
84033,620265310,21/03/2020,2654442,Julieta,Excelente apartamento. Muy bien ubicado. Volveré sin duda.
84033,622461177,15/04/2020,43286810,Jens,"Maria made share we were feeling as good as possible during these Corona times. Her efforts were amazing, we never experienced such a great hospitality... also the appartment is perfect for a couple, it is spacy, and the best for us is of course the terrace. It gives us the space to breath, move and do Argentinian parrillas! Would recommend this place to everyone, also in more normal times as the location cannot be better to experience the virbrant Buenos Aires / Palermo lifestyle."
84033,624564063,11/05/2020,310220829,Diego,"La llegada muy buena, agradezco que María nos haya recibido en estas épocas de coronavirus. El problema fue la cama, estaba súper hundida y no podíamos dormir, decidimos irnos del depto pero todo lo demás muy bien."
84033,703290594,24/10/2020,9101574,Gonzalo,"Muy buena estadia Maria y Luciana estuvieron atentas a cada detalle de la estadia, el departamento estaba impecable. Es la segunda vez que paro en el departamento de Maria y continuaria regresando a disfrutar de Buenos Aires."
84033,714260586,08/12/2020,95911768,Micaela,"Muy recomendable. Muy buena atención por parte de quienes te atienden, se preocupan en que pases una buena estadía. El departamento es divino, tiene todos los elementos necesarios de cocina, living comedor, baño y cama. La terraza privada es lo mejor, cuenta con parrilla, mesa con sillas, living y reposeras. Le da el sol hasta tarde. La pileta se encuentra en planta baja junto con el gimnasio, se puede acceder a ambos sin problemas. Es un edificio muy tranquilo y esta muy bien ubicado. Volveremos!"
84033,4.52858E+17,16/09/2021,30341469,Sebastian,Muy bueno todo
84033,4.60832E+17,27/09/2021,1894337,Javier,Very nice apartment with a great terrace in a perfect location.<br/>I would definitely stay again.
84033,4.70934E+17,11/10/2021,378877478,Pablo,"Muy buena ubicación, limpieza y condiciones. Terraza amplia para aprovechar de día. Muy buena predisposición de la anfitriona. 🙌🏼"
84033,4.81076E+17,25/10/2021,54388709,Javier,Maria's place was great as always! Beautiful<br/>view and neighborhood. Luciana's place has everything you need when visiting Buenos Aires. Amazing place and service.
84033,4.89038E+17,05/11/2021,162547041,Lucas,"El check-in no fue sencillo. Al momento de reservar, la publicación decía: self check-in, check-in de 16 a 00, y que me iban a recibir. Nada de eso ocurrió. Planeé llegar a las 18, pero resultó ser muy tarde, e incluso tuve que conseguir a alguien que pudiera ir a buscar la llave entre las 10 y las 13.<br/>El departamento estaba muy limpio y ordenado. Las fotos lo muestran tal cual es. Hay aire acondicionado en el living y en la habitación. La cama es muy cómoda. La terreza privada con parrilla es espectacular para pasar la tardecita con un asado. La pileta genial también. Internet rápido y con buena señal en todo el departamento.<br/>La ubicación es muy buena, con muchas opciones gastronómicas y de transporte alrededor. Hay un colegio enfrente que puede ser un poco ruidoso.<br/>El check-out era hasta las 12, y planeé irme cerca de esa hora, pero a mitad de estadía me dijeron que me tenía que ir para las 10 porque iban a limpiar.<br/>Hubiese sido bueno que no me delegaran sus cuestiones de logística, o que..."
84033,4.94879E+17,13/11/2021,10823923,Matias,El departamento esta muy bien ubicado. Lo mejor que tiene es la terraza para hacer asados. Si bien es una propuesta funcional creemos que hay detalles que podrían mejorar.<br/>La comunicación fue fluida y siempre intentaron darnos soluciones.
84033,5.26062E+17,26/12/2021,64684552,Lucas,Excelente departamento con aire acondicionado en el dormitorio y living/cocina. Espectacular terraza privada con parrilla y reposteras.
84033,5.34711E+17,07/01/2022,37510462,Edgard,"La Ubicación es inmejorable, la terraza linda para una Reunión de amigos"
84033,5.56443E+17,06/02/2022,97273886,Maria,"I loved this place! It was bright, quiet, spacious and had everything I needed. I was very comfortable. The private terrace in particular, was priceless. Location: perfect - close enough to bars and restaurants as well as public transportation, but not in the middle of a noisy area. The host responded immediately whenever I texted and was very helpful. I would definitely go back and highly recommend this place."
84033,6.02866E+17,11/04/2022,34874006,Liz,"O apartamento é excelente, cama confortável e com todos os equipamentos necessários para uma estada agradável em Buenos Aires. A localização é ótima, muito perto da Plaza Serrano e da Plaza Armenia, onde há muitos restaurantes e vida noturna agitada na medida certa. Recomendo muito o apartamento!"
84033,6.07127E+17,17/04/2022,173401723,Carolina,Buena ubicación y relación precio calidad
84033,6.18763E+17,03/05/2022,27120413,Lorena & Lyman,"Mi estadía fue de tres semanas y fue todo perfecto. Realmente la locación es perfecta y el departamento es muy lindo. Seguro que volveré a este departamento. Gracias María y Luciana por toda la ayuda, muchas  gracias."
84033,6.26722E+17,14/05/2022,96078239,Daniel,"Boa cama, ótima localização, TV a cabo com Netflix. Recomendo!"
84033,6.37665E+17,29/05/2022,48799061,Joseph,"Comfortable lodging, great host, and perfect location!"
84033,6.6807E+17,10/07/2022,267221786,Devang,"If staying for a few days, the location can't be beat. And the apartment has a private, spacious terrace.<br/>I stayed for a long stay (30+ days) and would not do so again. I work from home and though the WiFi is good, there is no outlet near where you would work and the furniture is uncomfortable. Cleanliness was a continual issue. There is a weekly maid service which is good but at least two of the blankets have stains on them, several towels upon arrival had stains on them and when the maid came to change the towels and sheets, more than once I got at least 1 or 2 'new' towels with stains on them. I communicated the towels issue when it first happened and after that just used the clean towels I was given. Regarding the blankets, I left a stained blanket on the bed with the dirty towels when the maid first arrived (as I was instructed to do for items I wanted cleaned) and she just folded the dirty blanket and put it on the dresser. And though the person who the host put me in touch with for day-to-day ma..."
84033,6.82533E+17,30/07/2022,9556594,Robert,"Perfect location in Palermo Soho. Great communication from Maria. the apartment was immaculately clean and everything was perfect. There was plenty of HOT water, which is great because I stayed in a lot of places that had very little. I'd definitely stay here again."
84033,6.98526E+17,21/08/2022,109965307,Cinthia,"Apartamento excelente, localizado em uma rua muito calma, mas vem próximo dos bares onde a vida noturna acontece.<br/>O apartamento tem tudo o que é informado no anúncio, com chuveiro e camas super confortáveis.<br/>Lavanderia também disponível no prédio, só é necessário a compra de algumas fichas para utilizar.<br/>Maria foi muito receptiva, permitiu a nossa entrada após as 00:00, onde o Mathias nos recepcionou muito bem. Além de ter toda a comunicação com a Luciana por mensagem. Todo mundo muito solícito.<br/>Tivemos problemas com a internet nos dias em que ficamos, mas Maria trouxe que era um problema com o provedor.<br/>Com relação a localização, muito próximo da estação plaza Itália.<br/>Muito obrigada pela recepção e até logo."
84033,7.09392E+17,05/09/2022,235304889,Cintia,"The apartment has a very nice private!!! terrace to make your own barbecue or just spend some time with family and friends.<br/>The neighbourhood is amazing, full of bars and stores and flea markets but because of this it gets nosy at night, during  the weekends."
84033,7.15866E+17,14/09/2022,35996005,Maria Dolores,"Muy lindo el departamento , la ubicación excelente . Muy buena la comunicación con la dueña. Súper recomendable :"
84033,7.23878E+17,25/09/2022,88178210,Santiago,"Excelente apartamento, cómodo y en un punto clave para conocer Buenos Aires"
84033,7.31817E+17,06/10/2022,228934918,Brenda,Excelente estadia!
84033,7.35449E+17,11/10/2022,402371316,Poul Percy,"THE location to stay in Palermo which consists of so many different areas. In Marias' apartment you have everything and in the area even more. If I lived in Palermo, it would be in this area. Add to that the wonderful welcome, the attentiveness during your stay, and all the apartment offers.<br/>Out of two different apartments in Palermo, this one was our favourite!"
84033,7.49248E+17,30/10/2022,11646569,Aryelle,This flat is well located in a BA area (PALERMO) very friendly and  very fun with many restaurants and bars. The  appropriated subway stations are  ORDIZ or Plaza Italia<br/>This flat is well furnished and perfect for a short stay as a long stay . A laundry is available in the first floor and a super terrace belonging to the appartment is appreciated .<br/>Maria 's contact in BA were perfect for support .<br/>Dont hesitate to rent it.
84033,7.53615E+17,05/11/2022,48837561,Yuri,"Apartamento com excelente localização, há 10min da linha D do metrô. Apartamento que tem tudo o que precisa pra uma excelente estadia, e ainda tem uma excelente parrilla!"
14222,4159096,15/04/2013,1299997,Nikos,"Manuel was truly an awesome guest.
<br/>The apartment is super cute and very nicely located of off Santa Fe Avenue. Eventhough the internet connection was spotty at times Manuel was very responsive in promising to take care of it soon for future guests. Still, the overall experience was magnificent. I actually forgot my wallet and camera at the appartment and after I notified him, Manuel found it and Fedexed it to me the next day.
<br/>Highly reccomended!
<br/>"
14222,4474356,07/05/2013,5430142,LaurayBruno,"Mercedes is the perfect host ! We were very happy in the Happy House ! The appartement is very nice, quiet (well, as quiet as possible in this huge Buenos Aires querido), clean, warmful, cheerful, decorated with a lot of delicate attention, the floor (parquet) in the living was perfect for practice and private tango classes. A lot of milongas in the neighbourhood, Palermo is a tango barrio ... Gracias por todo !  Keep in touch for next time, un abrazo enorme to Mercedes and Manuel ! Laura y Bruno"
14222,4662449,19/05/2013,4916454,Emilia,"Ha sido un verdadero placer estar en este departamento. Unos anfitriones maravillosos y la casa cuidada al detalle para que la estadia sea una experiencia maravillosa.
<br/>Yo ya tengo piso preferido para estar en Buenos Aires.
<br/>Muy recomendable."
14222,5452171,01/07/2013,2940107,Lily,"Happy House was clean, cozy, and cute with all the amenities we needed. It was also well situated and a great base from which to explore the city. The hosts were very friendly and made themselves readily available to address questions. Overall, a great place to stay!"
14222,5676105,11/07/2013,6473749,Maureen,"We had a lovely stay at this apartment in Buenos Aires. It had everything we needed and was conveniently located. As two women traveling alone, it was a safe neighborhood. Mercedes and Manuel were extremely accommodating. When our outgoing flight was cancelled, they quickly responded to my email and enabled us to stay another night. We so appreciated their kindness after a terrible day at the airport!  Muchas gracias, amigos!  I can recommend this apartment without hesitation. "
14222,5846614,19/07/2013,6845781,Patsy,The happy house was the perfect place to spend my visit in Buenos Aires. The decor really did make me feel happy and comfortable. Manuel was an excellent host. He was flexible when it came to checking me in and out and was always available and helpful with any other requests. I will always remember my stay in the happy house and strongly recommend it to anyone who is interested! 
14222,6528689,16/08/2013,5529903,Deborah,"Happy House is a fabulous place to stay:  perfectly located in Palermo near parks and public transport lines, a cozy and beautifully decorated apartment, and a wonderfully helpful host in Manuel.  We had a marvelous time in Buenos Aires and Happy House made our stay all the better.  "
14222,6998460,02/09/2013,5687820,Oded,"Very nice small apartment in a very good location and a very nice and helpful host.
<br/>
<br/>"
14222,7127274,07/09/2013,637422,Leticia,"A Happy House é muito aconchegante e limpa. O prédio quieto e reservado -  mesmo com um restaurante embaixo não chega a ser barulhento. Hospedes viciados em wi fi podem ficar impacientes, mas existem 2 conecções disponíveis. Manuel foi um excelente host, estando sempre pronto para nos ajudar no que fosse preciso. A casa é super bem localizada, com fácil acesso à metro, parques, supermercados,shoppings e restaurantes. Mercedes tem super bom gosto e um astral incrível no seu charmoso apartamento. Mimos como a A lata da Alegria nos faz sentir super benvindos. Happy house tem uma energia maravilhosa, e Manuel foi um excelente amigo. Recomendo muitíssimo! Habla-se Portunhol e Inglês! ;P"
14222,7437496,20/09/2013,8117819,Kristen,I had a great experience at Happy House! The location is awesome. It was easy to get to the subte and taxis drive past the apartment regularly. There is a grocery store at the corner. Manuel provided me with lots of helpful information about places to visit and recommended great restaurants! I'll go back to happy house the next time I travel to BA!
14222,7931963,08/10/2013,9079401,Fiona,"We had a wonderful week at Happy House and in Buenos Aires. The apartment is very cosy, bright, comfortable and spacious. Located in a fantastic area close to everything and very safe. Manuel was a great host and very helpful and responsive to any of our questions. Highly recommend :) "
14222,8317929,25/10/2013,9380328,Kasia,"We had a great stay at the Happy House. The apartment itself is spacious, charmingly decorated and well situated (close to a number of tourist attractions, the subway, buses and supermarkets). The hosts were very friendly and responsive - and flexible with check-in and check-out. "
14222,8442530,31/10/2013,7906044,Emily-Claire,"We loved our stay at Happy House. Manuel and Mercedes were very responsive to any questions and flexible with check-in and check-out. We had to leave at 6am in the morning, and this was no problem. The apartment is well-furnished and has all that you need. The location is excellent - minutes to a supermarket and the subte station and the Palermo parks. Plenty of taxis in the street. A lovely local neighbourhood and felt safe for two women travellers. Highly recommend. "
14222,8713099,13/11/2013,1460050,Lea,"A really cosy appartment in the cool neighbourhood of cool Palermo. The appartment provides everything you need for some Buenos Aires days and the host, Mercedes, was absolutely great, helpful and made us feel at home from the very first minute of our stay. We would highly recommend this place!"
14222,8761273,16/11/2013,3576890,Aldo,"A nice cosy apartment in a great area!!!
<br/>Everything, from supermarkets to metro station is so close, and if you are into shopping just a minute away there is one of the nicest BA's shopping mall.
<br/>The apartment was clean and equipped with everything you might need (even all kind of international power plugs). The wifi connection was a bit unstable (still working though) but that same week (beginning of november '13) the telco company was going to  install the new line, so should be all solved now.
<br/>
<br/>Mercedes&Manuel were of great help, from simple information about the city to arranging a taxi and helping out with the Spanish.
<br/>
<br/>Overall feedback is very positive, I would choose the same place."
14222,8877966,23/11/2013,6875500,Peyman,perfect stay! you feel like at home in buenos aires!<br/>
14222,8943563,27/11/2013,6724464,Claudette,"Great experience!! Manuel and Mercedes were super helpful, awesome hosts. Easy to get in contact with before and during our stay, and as locals, had great recommendations on restaurants and activities nearby. 
<br/>The apartment is beautiful, lots of natural light, comfy bed and living room furniture, functional, well-stocked kitchen, and modern, clean bathroom. We really felt at home during our stay. 
<br/>Good location, grocery store less than a block away, a Subte (metro) stop 2 blocks away, in a nice quiet neighborhood, but close to lots of restaurants. 
<br/>Really, so glad we stayed at Happy House. =)"
84033,7.68761E+17,26/11/2022,64680328,Lena,"We loved this apartment because it is in a great area, lots of restaurants, bars, groceries stores, cafes and pretty much you don't need to leave the neighborhood.  We loved that it was cleaned every week!  Every room in the apartment is very bright and very cozy.  We absolutely loved the outdoor swimming pool and used it a lot.  The roof terrace is huge and we used the parrilla several times.  The building feels very safe.  Communication with the host was very quick.  This is our fifth trip to Bs As and the best place we've stayed at, we would love to stay in this apartment, if available, the next time we travel there.  Thank you so much!"
84033,7.85511E+17,19/12/2022,47410802,Juan,"Maria's apartment is simply perfect for couples looking to stay in amazing Palermo Soho.<br/>The apartment is super comfy with great amenities.<br/>The terrace (and the BBQ) are just an spectacular addition.<br/>The location cannot be beat, you're just surrounded by spectacular restaurants and shops .. like Autre Monde, the wine store around the corner (on JL Borges, across the street). Best in town.  <br/>Super recommendable apartment."
84033,8.01471E+17,10/01/2023,28813509,Mike,"Brilliant stay! Location was perfect, apartment was clean, tidy and well equipped, terrace was brilliant and communal swimming pool area was great. Would definitely stay here again."
84033,8.57253E+17,28/03/2023,71279482,Pauline,This is our second stay in Maria's apartment. She has upgraded the furniture and TV since our last visit and continues to improve by ordering new covers for the furniture.<br/>We had new towels and bedding as well as pool towels which were very useful.<br/>We would return again as this apartment is right in the centre of where we want to be. It is very safe and in a well cared for building. The swimming pool makes it ideal for a summer stay which is when we visit.<br/>Maria is a responsive host and always responds quickly to queries. We would return to this apartment again.
84033,8.63072E+17,05/04/2023,42219156,Belén,"It was a great spot to be in! Close to everything, was nice to easily walk around to little trendy shops. The terrace is amazing - host was very friendly and took good care of all details."
84033,8.78204E+17,26/04/2023,3442824,Marc,"The apartment itself is quite comfortable and clean in an attractive building in interesting Palermo Soho. The outdoor swimming pool needed some cleaning but was a decent size with an attractive deck area around it behind the building. Very convenient location for restaurants, supermarkets, walking around (it felt quite safe), with good access to public transport and taxis. The huge private rooftop terrace is very attractive---particularly a nice space to enjoy in summer when the schools are shut for the holidays. This would have been a perfect stay except that there is a primary school very close by where the dear children go out to play and scream for hours from Monday to Friday during their recess, lunch time or physical education lessons along with sometimes their teachers shouting into megaphones---not the host's fault, of course, but it makes the lovely rooftop terrace unusable at times due to the noise. The windows also need sound-proofing which the responsive host acknowledged."
84033,8.81876E+17,01/05/2023,313365316,Ewerton,"O primeiro ponto positivo a se destacar foi a atenção e gentileza que a Luciana nos deu; desde a nossa chegada na cidade até o nosso check-in. O Matias, responsável por nos receber no apartamento, foi igualmente amável e bastante prestativo!  Sobre o apartamento, as imagens falam por si só: é um apartamento aconhegante e amplo. Vale ressaltar ainda que o recebemos limpo e organizado. O ponto alto vai para o terraço exclusivo do apartamento! Há uma ótima churrasqueira e a poucas quadras a açougue do Don Julio e mercados, possibilitando, assim, uma ótima alternativa ao restaurante! A localização é perfeita, pois está situado como se fosse em uma linha meridional entre o coração de Palermo Soho e a estação de metrô Plaza Itália; isso faz com que seja possível estar a poucas quadras dos melhores bares e restaurantes da cidade e também a poucas quadras da linha D do metrô; ou seja, um local tranquilo e de fácil acesso a vários pontos turísticos de Buenos Aires. Recomendo e anseio em voltar."
84033,9.06477E+17,04/06/2023,374494077,Mike,Great place to stay in Palermo. The terrace is really nice and the apartment is cozy. The wifi did completely black-out halfway through my stay but luckily the host gave me an alternative connection to a nearby unit that worked fine and tried to get a technician in as soon as possible. The Selina co-working space is also very close if you need somewhere else to go and work.
84033,9.11577E+17,11/06/2023,145382382,Julia,Excelente
84033,9.51471E+17,05/08/2023,47410802,Juan,"GREAT OPTION FOR A COUPLE <br/>THIS WAS OUR SECOND STAY AT MARIA'S PLACE.<br/>WE WILL CONTINUE TO BOOK IT EVERY TIME WE'D RETURN TO THIS AMAZING CITY. <br/>IT HAS EVERYTHING YOU'D NEED FOR A PERFECT STAY IN PALERMO HOLLYWOOD, THE HOTTEST SPOT IN BUENOS AIRES. <br/>YOU EVEN HAVE (AROUND THE CORNER) THE BEST WINE STORE IN TOWN (AUTRE MONDE)<br/>DON'T THINK IT TWICE, STAY HERE."
84033,9.56479E+17,12/08/2023,13749729,Michael,Die Wohnung und Lage sind einfach super - jederzeit wieder!
84033,9.63798E+17,22/08/2023,367330187,Bruna,"Tudo ótimo, banheiro com o piso aquecido foi uma surpresa gostosa pra gente que visitou no inverno. Quarto escuro, tv com Netflix, varanda… tudo ótimo!"
84033,1.03619E+18,30/11/2023,60702537,Norberto,"El barrio es perfecto, la comunicacion con maria y luciana tambien.<br/>marcela venia todas las semanas y dejaba el dto impecable .<br/>El edificio y los lugares comunes siempre limpios y con buen aroma ,Fernando el portero un fenomeno , siempre a disposicion .<br/>En resumen un dto comodo y luminoso muy recomendable."
84033,1.04425E+18,11/12/2023,135323821,Lucas,"La estadia fue buena, exceptuando que no se pudo solucionar un problema con la electricidad que me tuvo un dia sin heladera y wifi y el resto de mi estadia sin un aire acondicionado y tv. <br/>El lugar es manejado por muchas personas y tuve contacto con 4 personas diferentes sin contar a Maria. <br/>Todos fueron muy atentos y trataron de solucionar los inconvenientes de la mejor manera, pero lamentablemente no lo pudieron arreglar. <br/>Sin estos inconvenientes la estadia es un 10, excelente ubicacion, contacto, limpieza y comodidad."
84033,1.07543E+18,23/01/2024,26293679,Fatima,"O apartamento é extremamente bem localizado, no coração de Palermo Soho. Muito bem decorado e agradável. Fomos prontamente recebidas pelos administradores do apartamento, Luis e Amado, que  muito prestativos e atenciosos nos sugeriram passeios, restaurantes e nos deram várias dicas valiosas. Certamente ficarei no apartamento <br/>apartamento de Maria quando voltar à querida Buenos Aires!<br/> de Maria quando voltar  a Buenos Aires. Tudo  ⭐️⭐️⭐️⭐️⭐️!"
84033,1.12468E+18,31/03/2024,25456666,Jean,"L’internet fonctionnait très bien,je donnais des cours à l’université avec Zoom 6h par semaine et c’était parfait.<br/>Nous avons passé 9 semaines dans l’appartement et María a finalement déniché de très bon gestionnaire sur place qui répondait rapidement pour tout problème ou questionnement.<br/>C’était notre deuxième location pour l l’appartement depuis 2026"
84033,1.14566E+18,29/04/2024,203646100,Leo,"El Apartamento super lujoso y cómodo, está localizado en una buena área lleno de restaurantes y cosas para hacer. Amado y Luis unos capos, siempre atentos! Muy recomendable quedarse en este lugar!"
84033,1.29719E+18,24/11/2024,64680328,Lena,"This is our second stay at Maria's place and we loved it, it's in great location, lots of great restaurants and walkable.  we loved the terrace and use the parrilla lots of times and used the swimming pool quite often, which is very enjoyable during hot days.  We would love to stay here again when we return to Buenos Aires."
84033,1.30073E+18,29/11/2024,437016843,Gonzalo,"Excelente departamento. Cómodo, limpio y muy completo. La atención fue excelente!"
84033,1.32683E+18,04/01/2025,487093828,Paula,"The place has a good location, and is walking distances of restaurants, cafes, shops, bars. The space is comfortable for 2 peoples, and it have a beautiful terrace where you can stay at the afternoons of any summer day. <br/>We would definitely choose the place if we returned to BA."
84730,847021,07/01/2012,582600,Nicole,"Apartment was fine.  Everything stated was provided and host was very accommodating.  Minor problems:  bed could have used couple of extra pillows to be comfortable, and car wash was right below (but this is the city, so I doubt the noise level would be much lesser if car wash weren't there)."
84730,1761669,21/07/2012,1322678,Liz,"The apartment was perfect for us, it was clean and comfortable and had all that you might need for a week's stay. The area was safe and conveniently close to local transport. Egle was super helpful and gave us maps and lots of information about the local area and beyond.
<br/>Highly recommended.
<br/>
<br/>"
84730,2905068,18/11/2012,2992702,Niege,"The apartament was lovely: its located in a great neighborhood, near to the subway, with a lot of sun light. Romina, the woman responsable for the cleaning, was very trustful and efficient. The internet is pretty fast (we worked from there with two computers using the internet at the same time and it work out great). Egle was very kind and helped us with any problem."
84730,3601928,22/02/2013,4744633,Stephanie,"I stayed for one month in the apartment and it was perfect. It has all the basic necessities and it very clean. The bed is comfortable. The apartment is very connected to anywhere you want to go by public transportation. 
<br/>
<br/>Egle and her husband were very accommodating. I asked for more pillows and they were quick to respond. They also sent many recommendations for the neighborhood and public transportation which was very helpful. They  helped me arrange a way to check out at 4am to catch my flight. 
<br/>
<br/>If I return to buenos aires I'll be sure to stay again!
<br/>Thanks for everything!"
84730,4205662,18/04/2013,5572527,Brian,"After 3 weeks in this apartment we agree: this is indeed a sunny place. We have enjoyed it very much and will ask for this apartment again, if we return to Buenos Aires.
<br/>It´s clean and it´s close to the center. It´s only a few blocks from the subway and you can easily get around by bus.
<br/>Most of all it has been a pleasure to communicate with Egle. She has been so kind and helpful and she has reacted immediately when we have sent her an e-mail.
<br/>We can easily recommend Egles apartment.
<br/>Pia and Brian
<br/>Denmark"
84730,4439126,05/05/2013,3091554,Linda,"Egle is a great person , very helpful and understanding!!
<br/>The place is really nice and clean. it has all you need. The neightborhood is safe and beautiful. 
<br/>My only complane is the pillows I think they can be a little more confortable!!
<br/>but overol I had a great stay!!
<br/>Will go back anytime!1"
84730,6071692,29/07/2013,6660866,Bruna,"We really enjoyed our stay in Egle's apartament. It's clean, spacious,  in the middle of Boedo with restaurants, markets, banks just a few steps away. Try Pan y Arte and MArgot both two block away. Egle was very helpfull and attentive host. Recommended!"
84730,7931681,08/10/2013,9071201,David,"Egle y Oscar, unas personas muy amables, la pasamos muy bien durante nuestra estancia, el depto es muy bonito, acogedor y muy bien adaptado a las necesidades diarias. Esperamos regresar pronto, un fuerte abrazo Sophia y David."
84730,9452874,29/12/2013,9689681,Valentina,"Estoy sumamente muy agradecida por las recomendaciones y la atención facilitada por Egle, estuvo súper acertada la decisión de hospedarnos en su propiedad. Espectacular lugar, ideal para pareja. En fin, justo lo que queríamos. Recomendado 100%"
84730,18830059,01/09/2014,10161164,Darvam,"O bairro é ótimo para quem deseja ficar relativamente próximo do centro e ao mesmo tempo numa região menos agitada. Boedo é um bairro familiar e bem servido de supermercado, cafeterias, farmácias, bancos e comércio em geral. Uma padaria e cafeteria muito boa fica a poucos metros do prédio, o que facilita muito para o café da manhã. 
<br/>A estação Boedo do metrô fica a poucas quadras do prédio e rapidamente se pode chegar ao centro da cidade ou a qualquer parte servida pelo metrô, pela combinação de linhas. O apartamento estava muito limpo, é confortável, perfeito para uma pessoa ou para um casal e é exatamente como nas fotos. Ventilação e iluminação natural excelentes. Tudo limpo, roupas de cama e banho limpinhos, cozinha com tudo que é necessário, banheiro e chuveiro muito bons. Tudo funcionando e na medida certa. Minha estadia foi perfeita e com todo o conforto. Recomendo 100%!"
84730,20517310,30/09/2014,4338322,Mauro,Estuve muy comodo tanto con el lugar como con la forma em que fue administrado. Lo recomiendo.
84730,23107766,23/11/2014,16910275,Irna,"Egle's apartment is modern, sunny, and clean.  I stayed there for a month and enjoyed both the apartment and the location, which is a few steps away from the heart of Boedo, where you can find restaurants and cafes with outdoor seating filled with locals.  (My favorites are Cafe Pugliese for lunch and Cafe Floresta for dessert and coffee). The location is close to key bus lines that will take you to other barrios in Buenos Aires.  Make sure you have a SUBE card (I obtained mine at the local post office) to use the buses.  Otherwise you need to bring lots of coins and the fare almost doubles.  There are also subway (subte) stops within five blocks of the apartment, but I did not use them at all during my stay, as the buses are more direct. 
<br/>
<br/>I did not have the chance to meet Egle in person, as she was out of the country when I was there.  But I did meet Oscar who manages the entry and departure of guests, and lives in the same building.  I had no problem checking in and out.  Egle also sent a long..."
84730,25535919,19/01/2015,19134357,João Vitor,"A Egle foi atenciosa desde o início. Nos enviou um roteiro da cidade, os locais próximos para almoçar, bares. Nos listou os ônibus que passam pela região e levam aos pontos turísticos da cidade.
<br/>O apartamento é exatamente como descrito no anúncio. 
<br/>O bairro é ótimo, proporciona uma experiência paralela a de se hospedar no centro. A rotina do bairro é muito própria e você acaba vivendo como um morador local.
<br/>Boedo tem muita história, as ruas possuem esculturas. O restaurante Trianon foi o nosso preferido. Há uma Farmacity, uma estação de subte. Em poucas palavras, um bairro completo."
84730,29100401,04/04/2015,13456069,Isabella,"We (me and my boyfriend) stayed for a week in the apartement. The place is great, new, clean and exactly as on photos. It is also very calm. The Boedo neighbourhood is also very nice with lots of comercials and restaurants. The genitor was also very kind and helpful. If we would need to say something negative it wouldn't be about Egle's place itself but some neighbour in the bilding who smoked in his bathroom and by the ventilation system it made sometimes our bathroom smelly. But as I said, that was the neighbour's fault, the Egle's place itself is a great place to stay and if we come again we will repeat it."
14222,9067509,04/12/2013,5630180,Susan,Staying in the Happy House was our first experience with airbnb and we could not be happier. The house was comfortable and had everything we needed for our 5 days in Buenos Aires. It is so much better than staying in a hotel where often there is little space to spread out. The air conditioning is a bonus when it was hot outside. The location is perfect for exploring the city on foot and is close to the subte (metro) for those who chose to use it.
14222,11705907,13/04/2014,9996450,Laurie,"We stayed for a little over a month at the happy house and it was a fantastic experience.<p>
<br/>
<br/>The neighborhood is great. We became regulars at Faricci, La Payuca, Bella Italia, (all in walking distance), Local in Palermo Hollywood (short ride on the D line) and bblue in Palermo soho.  There is also a large grocery store (disco) within 2 minutes walking.  There is even a big mall a couple blocks away that's called Alto Palermo with many anchoring restaurants and fun shops. It's also a block to the D line (subway). We got a sube card there, which allows you to get on buses as well as the subway. <p>
<br/>
<br/>The apartment is really cute and cozy, decorated with lots of loving details.  It was also clean and comfy.  There are many interesting books, DVDs and music CDs for you to enjoy too. All the appliances and amenities (washing machine, hot water, AC, high speed wifi, DVD player, TV, etc) worked perfectly.  There's plenty of closet space.  The small balcony and cute pink courtyard are filled wi..."
14222,12130648,23/04/2014,6783716,Mar,"We stayed at the Happy House for 5 nights and it was an excelent experience. It's the perfect appartment for a couple! There's a very big room and another one with a small bed, both of them were confortable. The location is great and the apartment is super cozy and spacious. We had everything we need and both Manuel and Mercedes are very friendly and kind. Thanks! We'll repeat for sure if we come back to BA!"
84730,33144220,25/05/2015,10371268,Silvia,"O apartamento é ótimo, como está nas fotos, bem localizado, limpo. A Egle foi atenciosa e ofereceu dicas bem interessantes. Eu voltaria, com certeza!!! "
84730,33826554,01/06/2015,31908503,Barbara,"The flat is like described, oir expectations fully fullfilled, nice authentic neighbourhood. A Park would habe been nice, but many bars and shops and Restaurants and gold connection with public transport"
84730,41825011,09/08/2015,16220426,Vinicius,"O apartamento de Egle foi uma grande surpresa para nós. De belíssima decoração (com lindas pinturas da própria Egle), de muito conforto e de muita praticidade!
<br/>Fomos atendidos por Oscar, que nos tratou com muito cuidado e extrema gentileza. Super recomendado!"
84730,43988811,23/08/2015,24828002,Rene,El departamento estaba dentro de los descripto y el barrio era muy bueno. Muy satisfecho.
84730,61552048,06/02/2016,30263913,Christian,"Nous avons passe un sejour des plus agreables danscun studio tres clair, propre, personnalise et des plus calmes un vrai havre de paix dans la trepidante Buenos Aires au sein d'un quartier chaleureux ou tout est a portee. Service impeccable, immeuble tres propre et un gardien tres sympathique et a l'ecoute."
84730,70500509,18/04/2016,30673752,Fernanda,"This is the fourth time I've stayed at Egle's apartment and as always, it has been a very pleasant experience. The pictures show the place exactly as it is. Modern, clean and functional,  with good wifi speed, comfortable bed, and a good shower. Although it is not central, it's very easy  to get anywhere in town using the underground (Linea E), local buses and there's always plenty of taxis available. "
84730,73698807,09/05/2016,66923631,Néstor,"Como siempre (ya hemos estado aquí el año pasado) el lugar se encontraba en perfecto estado.
<br/>Egle tubo la amabilidad de permitirnos ingresar ese mismo día más temprano y eso nos facilitó el poder descansar luego de un largo viaje.
<br/>
<br/>El departamento es muy bonito, luminoso, muy bien cuidado y hermosamente decorado.
<br/>La cama muy cómoda y el baño con buena cantidad de agua caliente.
<br/>
<br/>Muy buena ubicación, con todo lo necesario cerca. Esto permite estar lejos del centro y a su vez con la posibilidad de acercarse rápidamente con subterráneo.
<br/>
<br/>Volveremos al lugar el año que viene. Gracias."
84730,80310445,17/06/2016,76616170,Maud,"Il n'y a pas de surprise, l'appartement est très agréable comme il est décrit et comme le montrent les photos.
<br/>Il est situé à deux pas du metro et d'un grand supermarché, c'est bien pratique! 
<br/>Egle nous a donné de bons conseils de visites et nous aurions aimé rester plus. 
<br/>Bref, je le recommande !"
84730,90760884,02/08/2016,15318212,Diana,"The apartment is really beautiful, perfectly located and exactly as you can see in the photos.
<br/>The neighborhood is very attractive, full of historical cafeterias, Restaurants for all kind of budgets, tango-related places, shops with all you may need for a long or short term stay but, above all, I felt very safe during the time I stayed there
<br/>. 
<br/>The apartment itself is prepared for a short or long term stay. Full kitchen, a very comfortable bed, a nice balcony, a super fast internet and, last but no least, a host that answers all your doubts within minutes. If you have a problem or you need something, you can ask Egle and she will find a solution right away. For an experienced or frequent traveller person like me, I can say that this is not so common and I value it a lot.
<br/>
<br/>"
84730,102114566,16/09/2016,48536449,Elena,"Apartment looked like described. Very convenient location with plenty of shops and public transport.
<br/>
<br/>Very quiet apartment, I could not hear much noise from the street in comparison to other places I have stayed before. 
<br/>Egle always responded to my messages and resolved any issues as soon as possible."
84730,116483083,30/11/2016,90331914,Mary Luz,"Excelente departamento, ubicación perfecta, y departamento moderno y acogedor, un lugar sin dudas para volver y recomendar. Gracias "
84730,126977260,15/01/2017,24228222,Gerard,A neat an fine apparment. Good neighbourhood. Location is close to some milongas. Many bus connections.
84730,140710835,31/03/2017,49738273,Romi,"Tal cual se ve en la fotos! Luminoso, muy buena ubicación, seguro, cómodo, zona con muchos bares restaurantes. Si bien egle no está en el edificio, el conserje oscar estuvo disponible todo el tiempo para solucionar cualquier inconveniente.. sin dudas volvería de ser necesario!"
84730,148291309,30/04/2017,121744810,Lizeth,"El apartamento es exactamente cómo se ve en las fotos. Muy bien ubicado para moverse por el centro. El espacio es amplio, luminoso y equipado con lo necesario para un tiempo corto. Siempre Egle está atenta a cualquier duda, la comunicación es muy rapida"
84730,159702624,11/06/2017,116449540,Elizabeth,"Muy bien ubicado, cómodo, iría otra vez sin dudas!"
84730,161306385,17/06/2017,134394268,Adriana,"El departamento es muy lindo,comodo y seguro,tiene todo lo necesario para pasarlo bien!!!"
84730,200229675,04/10/2017,51321040,Agnieszka,"The flat is realy nice and clean, just as described . You will find everthing you need for a short stay. The owner is very nice and attentive"
84730,208667783,02/11/2017,2654063,Marcus,"First time staying in this area.  A real barrio with great transport links. Buses and metro to Palermo, Retiro and downtown. There is good local shops for all your groceries.<br/>The apartment is clean, quiet and very bright.  There was plenty of hot water, fast WiFi and air conditioner worked well.  The mattress is good and firm."
84730,219428241,17/12/2017,99904977,Cynthia,Todo fantastico! Muy recomendable!
84730,223595408,01/01/2018,46508992,Ignacio,El departamento es moderno y muy cómodo!
84730,240253750,04/03/2018,4252489,Jessica,"Cute little studio in Boedo! I stayed here for a month, and loved the location and proximity to the Subte and buses. The balcony was great too! Would absolutely recommend for anyone wanting a more authentic stay in Buenos Aires, or someone who already knows the city and neighborhoods."
84730,242299358,11/03/2018,103492230,Pato,"El apartamento está en un barrio muy lindo y clásico de la ciudad dónde la gran mayoría son hinchas de San Lorenzo de Almagro, a 3 cuadras del subte Boedo, y cercano a bares y cafés por donde desfilaron Adolfo Bellocq y Roberto Arlt, entre muchos personajes que irán descubriendo cuando visiten la ciudad. La calle boedo es tranquila y bien iluminada, por lo que se puede caminar de noche además de tener fácil acceso de colectivos (microbuses) uber, taxis, etc.<br/>Sobre el departamento, Egle ha cuidado cada detalle, es cómodo, muy lindo decorado, es perfecto para 1 o 2 personas, con una cocina equipada que nos ayudó mucho a reducir costos, y todo muy limpio y ordenado además tiene un pequeño balcón muy agradable. en fin, un departamento muy recomendado para pasar unas semanas o quien sabe, un mes, en Buenos Aires."
84730,252442350,10/04/2018,71858330,Robert,"I had a nice stay here.  It's a nice clean space, fairly quiet despite being located on a busy avenue.  There is a mini market right next door that makes getting groceries very convenient.  There are plenty of cafes and bars and some restaurants in the area, and the avenue is well trafficked day and night so I felt very safe here.  The only cons are that the area is a bit far from the more touristy parts of the city, although they are more or less within reach thanks to the accessible transit options nearby.  The wifi was also a bit unreliable during my stay (your luck may vary), it would occasionally disconnect and would occasionally slow down quite a bit, but by and large worked ok with a speed of 10 mbps.  For most it won't be an issue unless (like me) you came here to work."
84730,253486274,14/04/2018,162884793,Roman,"El departamento esta bien hubicado, lo recomiendo ampliamente..."
84730,275722634,11/06/2018,66923631,Néstor,"Como siempre, la agradable decoración, la predisposición de la dueña y la buena atención de Oscar (dispuesto para cada necesidad) hacen que la estadía sea muy agradable.<br/>La ubicación es muy buena para quien no quiera estar en el caos del centro y a su vez esta en una zona llena de comercios y restaurantes en un Barrio típico de tango."
84730,299714365,31/07/2018,195488263,Viviana,Excelente recepción a la llegada. El departamento es cómodo y acogedor. El edificio se halla en muy buenas condiciones y es tranquilo. Egle se ha mantenido en contacto permanente y me ha asistido en cualquier necesidad respondiendo con prontitud. He pasado una estancia muy confortable. Lo recomiendo!! Gracias Egle
84730,344008958,02/11/2018,45156344,Victoria,Lovely space! Egle was also very very quick with responses. It is a little distance from the city center and neighbourhoods like Palermo or Recoleta where alot of attractions are but it is very accessible via uber. Great place nonetheless it was very quiet too!
84730,346975271,10/11/2018,27322368,Juba,Egle is quick to communicate and help with whatever you need
84730,357987144,12/12/2018,181631920,Gladys Cristina,Hospitalidad
84730,367295964,04/01/2019,22554829,Corine,"Nice and clean apartment in a very good and safe area (Boedo). Egle gave us fantastic recommendations for restaurants, tango shows, shopping, etc. We can definitely recommend this apartment."
84730,403267866,20/01/2019,230028608,Soledad,todo muy bien
84730,408031425,03/02/2019,205498125,Helena,Optimo apartamento. Num bairro calmo e tranquilo. Recomendo.
84730,412388520,15/02/2019,193928665,Juliana,Excelente alojamiento. Egle responde rapido a tus consultas. super recomendado.
84730,417220287,26/02/2019,68114413,Adriana,"Exelente, bien ubicado con respecto à los transportes en comun, recomiendo por la higiene y la descubierta de Buenos Aires"
84730,418160558,01/03/2019,243196576,Beatriz,No pudimos concretar estadía por problemas personales pero Egle siempre estuvo bien predispuesta a los cambios.
84730,426619577,21/03/2019,29987274,Lei,"Die Lage ist super! Viele Cafes und Restaurants sowie kleine Obst/Gemüseläden. Wir haben es geliebt nicht mitten in der Touriviertel zu wohnen und das authentische Leben in BA geniessen zu können!<br/>Es gibt so viele Busse und Subte in der Nähe. Perfekt angebunden.<br/>Appartment schick und praktisch eingerichtet. Küche ist gut ausgestattet. Alles ist super sauber und das Bett ist sehr bequem.<br/>Wir haben Egle leider nicht persönlich kennengelernt weil sie im Urlaub war. Aber die Kommunikation war sehr schnell, einfach und problemlos. Check in mit dem Doorman hat auch super geklappt.<br/>Egle hat uns super viele coole Tipps und Infos gegeben. <br/>Wir können dies Appartment sehr empfehlen!"
84730,432627216,04/04/2019,41533369,Adam,great apartment. wifi was a bit iffy at times but egle fixed quickly
84730,436181383,12/04/2019,183216994,Rodolfo,"Sumamente recomendado este lugar, es exactamente igual a como se ve en las fotos, muy limpio, tiene todo lo necesario para que pases bien en las vacaciones. Pasan 2 buses muy cerca, y ademas la estacion Boedo del metro esta a un par de cuadras para caminar, tiene muchas tiendas cerca, asi que puedes comprar verduras facilmente, entre otras cosas. Tiene muchos restaurantes cerca y cafes, en definitiva es un buen lugar para estar, el barrio no es turistico, asi que se disfrta mas ver como el argentino vive en esas partes. En fin, en definitiva recomiendo mucho este lugar. No se arrepentiran. Algo que fue un PLUS total, Egle compartio por mensaje una lista de cosas por hacer y cosas que quizas necesitaria saber, fue muy util. Gracias Egle, fue una estadia muy buena."
84730,442029498,22/04/2019,235438187,Lucas,"Recomendable, muy simple el ingreso. Buena ubicación y todo lo que se necesita al rededor."
84730,462871669,02/06/2019,219741318,Ana,Bom
84730,472887634,20/06/2019,193928665,Juliana,"Excelente departamento. Ubicacion, comunicacion, atencion. Gracias Egle y Oscar!!"
84730,486386751,12/07/2019,271999985,Gabriel,"Departamento un ambiente para dos personas a unas cuadras del metro, en barrio tranquilo.  El departamento es espacioso y limpio y el único detalle, encontré muy pequeña la ducha.  Una persona más grande no cabe ahí.  Se agradece la confianza y la dedicación en los detalles"
84730,493476933,22/07/2019,274355031,Macarena,"Muy buen lugar, lindo y limpio!! <br/>Egle súper atenta y pendiente que todo esté Perfecto ! <br/>Recomendado :)"
84730,497412362,28/07/2019,219952298,Hernán,"Departamento muy bonito y acogedor, cuenta con todo lo necesario y una gran ubicación con comercio, cafeterías, restaurantes y subte a pocas cuadras"
84730,540008328,02/10/2019,285472538,Rodolfo,Excelente atención....muy buen alojamiento
84730,559000705,03/11/2019,184215790,Miranda,Recomendable al 100
84730,562118158,10/11/2019,302762493,Luis,"Muy buen lugar asi como muy buena atencion . Siempre limpio , todo en orden . Un lugar muy comodo y una excelente experiencia .lo recomiendo"
84730,572927368,04/12/2019,225049558,Kaisha,"Had a great stay at Egle’s place! Nice and clean apartment in a good location walking distance to the metro train, supermarket, deli, and tango bars! Egle was super helpful with anything we needed and even were able to leave our bags with her for a few days! Would definitely recommend!"
84730,588331789,04/01/2020,283806891,Leonardo,"Lugar bem localizado, de fácil acesso e com comprometimento em te atender da maneira mais rápida."
84730,602358853,06/02/2020,181631920,Gladys Cristina,una buena esrancia.
84730,5.3903E+17,13/01/2022,87394998,Ivan,Lindo y acojedor lugar!
84730,5.44075E+17,20/01/2022,439229229,Carlos,"Muy recomendable el espacio de Egle. Centrico, seguro y comodo."
84730,5.71717E+17,27/02/2022,225029362,Yina,"El lugar es cerca a todo, es tal cuál como las fotos, nos recibieron con anticipación y fue de gran ayuda, la ducha es un poco pequeña, el lugar estaba impecable"
84730,6.36161E+17,27/05/2022,456351301,Braulio,"Anfitriona muy hospitalaria. Tuvimos una situación al llegar porque la plataforma no nos permitió cambio de fecha a ninguno de los dos y recibimos muy buena disposición de solucionar el problema incluso cuando era responsabilidad de la plataforma. Muy buena ubicación, recomendado."
84730,6.51452E+17,17/06/2022,446625294,Frank,"Ambiente acogedor con facilidades de transporte, supermercados cercanos al igual que restaurantes."
84730,6.67303E+17,09/07/2022,435626882,Lisseth,"Es muy buen lugar se encuentra en una zona céntrica donde se puede encontrar todo, y los encargados muy amables"
84730,6.74588E+17,19/07/2022,104830596,Fabricio,"A estadia foi muito boa, o apartamento é ótimo para duas pessoas e bastante organizado. O encarregado do edifício estava sempre pronto a ajudar com o que precisasse e a localização é excelente!"
84730,6.80423E+17,27/07/2022,111718856,Júlia,"Nos gustó mucho el depto de Egle. Localización excelente, bien iluminado, ten todo lo que necesita para pasar tranquilo algunos días. La comunicación con Egle también fue rápida y cordial. Recomendamos y certamente volveremos a quedarnos allí."
84730,6.98545E+17,21/08/2022,470767395,Franco,Excelente ubicacion. Muy comodo departamento. Egle muy atenta y siempre dispuesta a ayudar y solucionar todo.
14222,17798719,17/08/2014,13429211,Shane,"3 friends and I spent 10 days at Happy House as we were studying Spanish at a school in buenos aires. <br/>The house is in immaculate condition and close to shops, restaurants, cafes and public transport. <br/>We had a great time and experience in this house and the owners went out of there way to make us feel welcome and settle in. <br/>All in all a great 10 days was had by all and I firmly recommended this accommodation."
14222,18355436,25/08/2014,3426208,Boris,"Manuel's place is extraordinary. It's cosy and stylish and very well located. Apart from that he's just the best host you could imagine, extremely helpful, friendly and funny. We just felt like we had a friend at the very moment we arrived in Buenos Aires."
14222,21293882,14/10/2014,2826520,Ravi,"Happy House was excellent. I was in BA for a conference and the apartment was perfect to set up base, close to the conference centre and close to all the nightlife of Palermo. The apartment was as described and Manuel went the extra mile to make me feel welcome. All the guidebooks and maps at the apartment were incredibly useful! At the time of being there there was an issue with the gas supply in the entire apartment block. However, I was fully aware of this beforehand and it didn't deter me from booking. An electric shower was installed before I arrived and Manuel dropped in an electric kettle the day after I arrived.
<br/>
<br/>When I come back, I'd love to stay again. "
14222,21872729,26/10/2014,19356961,Chad,"We received a warm welcome from Manuel and his wife. After a late arrival, they took the time to help us get settled over some Argentinian parrilla at a nearby restaurant. Happy House was clean, bright and nicely presented. We found it a tranquil escape from the bustling grind of BA. Happy House is situated in a safe neighborhood with a supermarket, shopping complex and subway within a short walk. We recommend it. "
14222,23060307,22/11/2014,6247449,Claire,"Manuel est un hôte tres sympathique et agréable, il a tout fait pour que nous nous sentions chez nous .
<br/>L appartement est très bien situé dans un quartier vivant et commerçant, le métro est tout proche.
<br/>Une base parfaite pour découvrir buenos aires
<br/>Merci manuel"
14222,23378445,30/11/2014,4065185,Gigi,It was pleasant to stay at The happy house. Location was perfect and the appartment very nice. The only thing which we didn't like was that there was no gas in The appartment. Fortunately there was an electric shower but still...
14222,26157849,05/02/2015,25643778,Marie-Rachel,Very nice apartment in a great neighborhood. We really enjoyed our 2 weeks stay in the Happy House. We warmly recommend it! 
14222,27089520,25/02/2015,23390999,Maury,"Mercedes was very welcoming and helpful. Her directions to the apartment were accurate, and everything went quite smoothly. The only criticism would be that there was a problem with the hot water. The shower was not that hot, and there was no hot water in either the kitchen or bathroom sink. Not a major problem, but slightly inconvenient."
14222,57767684,29/12/2015,10793999,Shonna,"The happy house was perfect for our 4 day visit in Buenos Aires. Manuel was an amazing host and helped tremendously when we had some travel changes arise. He was super responsive and helpful with things to do, getting taxis, etc. The place itself is great... good location to get to a lot of places and we were comfortable. The energy in the house is positive and it made our stay enjoyable. Highly recommend. "
14222,59583862,12/01/2016,5365866,Sylvie,"Nous avons apprécié l'accueil de Manuel,son sourire et son attention pour nous rendre service.L'appartement était très propre et agréable. A proximité de Santa Fé où on trouve tout et dans un quartier très calme le soir. Nous recommandons cette Happy House qui porte bien son nom."
14222,63932783,28/02/2016,2102203,Fabio,Manuel is a great host and totally trustable. The apt has a perfect location to explore BA. Absolutely recomendable place. The apt is furnished with great style and taste. Everything was very clean and Manuel always available in case you need him.
14222,72365034,02/05/2016,1404009,Luigi,"Happy House was OK. The best part was Manuel, who welcomed us, always smiling and ready to help. We had a nice conversation. Now, regarding the condo, is well decorated creating a cozy ambient, a lot of book to read and information for the traveler. The area is great! The bad part is that is an old building that smell a little. The hot water in the shower and vanity was connected in the oposite side and took me the first time 3 trips to the kitchen to check if the Water heater was turning on since is On Demand. Also the TV isn't connected to cable or antena and since the router for the WiFi is in the bedroom, the signal was poor in the living room. The kitchen need to be upgrade with new pan & pots and the dish-ware. Most of the cups and plates are cracked. Still, I had a good time in Happy House but it can be much better. Luigi "
14222,74216116,14/05/2016,1250805,Gerrit,Manuel and his wife are wonderful people and made me feel extremely welcome. Everything went flawless from check in to check out. They could not have been more helpful and available. The apartment feels very safe and comfortable. For me it was the perfect spot to wind down and enjoy Buenos Aires - a city I love. The location is very convenient to explore all central parts of the city. I will try and book again for sure...if it is available ;). I can highly recommend staying in Happy House.
14222,82955243,30/06/2016,7040730,Benjamin,"Manuel and his sister made us feel very welcome, and they were very accommodating concerning picking up the keys and the leaving time at the end of our stay. The apartment is in a great location, one block from Santa Fe and the Alto Palermo shopping mall. The apartment was exactly as shown in the photos and is well equipped. Moreover, Manuel was always easy to contact and helpful. We enjoyed our stay in the lovely 'Happy House' and recommend the apartment if you are planning on visiting Buenos Aires."
14222,85826979,13/07/2016,74347459,Amit,"Very good apartment. Great location with easy access to supermarket and malls nearby. The apartment has 1 master bedroom with bath and the living room is decorated nicely with couple of sofas. The 2nd room is very small with a twin bed and has no door as per the description. Kitchen is furnished with basic utensils. When we arrived (late night), Manuel was ready to welcome us and showed us the apartment. He was kind enough to answer any questions over whatsapp. Very nice host and easy to work with. Highly recommend it to anyone with a group of 2 or 3."
14222,90416841,01/08/2016,17135792,Letizia,"Nous venons de passer 2 semaines superbes dans cette Happy House si bien nommée.<br/>On a l'impression d'être chez reçu chez des amis. L'appartement est cosy, super bien situé dans BA ce qui est extrêmement important compte tenu de la taille de la ville.Proche du métro, très bien desservi par les bus et les taxis sont très nombreux et très abordables.<br/>Nous avons été reçus par Manuel qui est vraiment charmant .<br/>Bref, c'est le coeur serré que nous avons quitté L'appartement et Buenos Aires! "
14222,95374311,19/08/2016,2464836,Michela,"The happy home is so happy!!  I loved waking up daily to my sunny balcony.  The hosts were great, any questions I had were answered quickly.  The neighborhood is good, save, & convenient.  I plan to stay there again if they'll have me! "
84730,7.19473E+17,19/09/2022,271267042,Jaime,Buenísimo todo
84730,7.36863E+17,13/10/2022,480862202,David Moises,Buena ubicación
84730,7.41954E+17,20/10/2022,54926803,Catalina,"Egle fue una anfitriona increíble, el apartamento muy bien ubicado, muy bonito y limpieza perfecta"
84730,7.52163E+17,03/11/2022,103821688,Delia,muy lindo y como el dpto. el edificio impecable. excelente ubicacion. gracias!
84730,7.65177E+17,21/11/2022,486213359,Winfried,"Todo como lo esperamos. Un departamento cómodo para dos personas. Bien iluminado y ventilado. Tranquilo, varias tiendas y restaurantes cercanos. Tambièn bien comunicado, varios buses y el metro. Oscar muy atento y colaborador."
84730,7.72402E+17,01/12/2022,247986935,Rafael,"Local próximo do metrô. Bem tranquilo. <br/>Aos fins de semana a rua é fechada para lazer, então fica um ambiente muito bom.<br/>Opções de restaurantes e casas de cambio. De metrô, fica há uns 20 min dos principais pontos turísticos(Casa Rosada, Porto Madero...)."
84730,7.80386E+17,12/12/2022,54326681,Liz,"La pasé super bien en el departamento de Egle. Tiene todo lo necesario para<br/>estar cómodo y la ubicación es perfecta para una estancia tanguera en Buenos Aires. <br/>Personalemente siempre me importa tener una cocina para poder prepararme algo para comer. La cocina está muy bien equipada. <br/>La comunicación con Egle fue espontánea, a tiempo y siempre directo. Me organizó el check-in temprano por la mañana y me dejo quedarme hasta tarde el día de mi viaje de vuelta, como mi vuelo salió a la noche. <br/>Me encantaría volver! Muchas gracias por todo."
84730,7.92706E+17,29/12/2022,75135269,Adriana,El departamento se encuentra en plena Avenida Boedo. Cerca de todos los medios transportes. Además hay variedad de restaurantes y cafés. El departamento en si es tal cual aparece en las fotos. Impecable. Seguro que volveré.
84730,8.57179E+17,28/03/2023,477812885,Evgeniya,"Квартира приятная! Мы провели там 10 дней. Окна выходят на две стороны, их можно открывать и проветривать, спать хорошо, кондиционер тоже отлично работает - в жаркую погоду это было важно. В квартире есть все необходимое, чтобы готовить еду, рядом есть магазины и лавки, закусочные.  Место людное, безопасное. Что понравилось: это удобное расположение (можно сесть на автобусы в любое направление города) и самостоятельный заезд-выезд. <br/>Из того, что было не очень удобно: детский сад под окном, и крики детей слышны в будние в первой половине дня, но если вы планируете уходить гулять, это не помеха.  <br/>И стоит учесть при выборе: маленькое пространство в душе, если человек крупный, будет трудно зайти или тесно. <br/>Спасибо большое за гостеприимство, будем рады остановиться еще раз!"
84730,8.73166E+17,19/04/2023,399826027,Julius,"Appartement was zoals de foto's, comunicatie was goed en snel en de locatie was prima"
84730,1.30808E+18,09/12/2024,661703856,Beatriz,"Muy buena la ubicacion, sobre  avenida con variedd de negocios y lugares para  comer,  muchos medios de transportes para movilizarse,.<br/>El apartamenro muy comodo."
85949,404202,29/07/2011,677074,Jose Luis,"Egle was an excellent host.   Her patience and flexibility eased our stress when we learned our flight was delayed a couple of days.   She was also very accommodating when we decided to extend our stay one more month.  The apartments are as they appear in the pictures:  clean, comfortable and equipped with everything you need to make your visit to Buenos Aires as comfortable as being at home.  The location is also ideal since it is close to the Subway and bus stations, supermarket and restaurants.  Two thumbs up!"
85949,611987,09/10/2011,815005,Edward,"Communication with Egle was great. She always responded to emails very quickly and had great information. The apartment was wonderful, very clean and a fantastic location. I liked it so much I extended my stay!"
85949,633520,16/10/2011,815005,Edward,"The apartment was great and Egle was always very easy to get in touch with. She had great recommendations about where to eat too. It was an easy walk to the subte, a block from the grocery store, and in a very pleasant neighborhood (not too loud or busy). I liked it so much i stayed twice!"
85949,707061,10/11/2011,1010622,Juliana,"O apartamento é exatamente o que observei na internet. Muito bem localizado, próximo ao metro. O bairro é muito charmoso, possui desde padaria e supermercado a restaurantes ótimos. Além disso, ainda tem a Esquina Homero Manzi com show de tango e um excelente bife de chorizo.... A receptividade de Egle foi excelente, ela é uma pessoa extremamente atenciosa, uma ótima anfitriã. "
85949,726753,17/11/2011,1361972,Barbara,"Muy buena atencion y muy buen departamento. Egle fue muy amable y el departamento era confortable, prolijo  y muy limpio. Las fotos no son traicioneras. Fue muy facil de comunicarse con Egle y ella fue siempre muy amable. Gracias a ella por su departamento, por sus prontas respuestas... la pasamos muy bien!"
85949,1793446,24/07/2012,1167006,Gina,"This Studio was perfect for us. it was spotlessly clean, convenient and a nice retreat from a long day out in Buenos Aires. Egle was super helpful with directions and recommendations. There are many buses and a metro station close by making it a convenient connection to all the main attractions. Buedo is a lovely and safe suburb. i highly recommend this place. 
<br/>"
85949,2649076,18/10/2012,3558190,Jonathan,"Stayed here for 1 month.  The apartment is spacious for a studio unit and beautifully decorated.  Looks almost new.
<br/>
<br/>It's located in a nice area in the Boedo district, right by Avenida Independencia.  There are cafes, stores, and restaurants nearby.  It's around 3 blocks from the E subte line and 1 block from the main supermarket, making it a very convenient location.
<br/>
<br/>Egle was also very helpful and responded quickly to all my questions.
<br/>
<br/>Highly recommended!"
85949,4056473,06/04/2013,5591546,Marino,"We really enjoyed our stay at this apartement. It's nice and clean and Oscar, the doorman, is very helpfull. Egle is a great host. She gave us usefull information about the neighbourhood and buenos aires and she always responded very quickly to our answers."
85949,6043153,28/07/2013,2600006,Harrison,"This apartment was PERFECT for my stay in Argentina! Everything was extremely clean and brand new. It looks better in person than on Airbnb. Nice little balcony for sipping maté while watching the sunrise. While not quite the center of the city, a cab ride was inexpensive and easy to go anywhere you would want - there is also a subway stop just about three blocks down the road. The apartment is on a well-lit main avenue with anything you could need in the neighborhood, grocery store, laundry, specialty butcher or wine and cheese shop, yummy restaurants, ATM next door, cafes. Good wireless internet. Weekly maid service. The doorman was incredibly nice and helpful even with my awful Spanish. Egle was a phenomenal host and while I didn't get to meet her, she was very easy to communicate with and very flexible. She also gave me a long list of recommendations for my stay in Buenos Aires! I hope I can stay here again =D"
85949,10962649,15/03/2014,2522067,Deepak,"The host was great and accommodating with respect to key pickup / drop-off and apartment cleaning times. Egle was helpful by sending out an email with the neighborhood information such as things to do, restaurants, etc.
<br/>
<br/>Note: Although this place technically falls under Almagro, it is closer to 
<br/>many of the attractions of Boedo."
85949,12311814,28/04/2014,3095426,Amer,"Egle was a wonderful host and was extremely helpful, warm, generous and very responsive.
<br/>
<br/>The neighborhood is also great, definitely outside of the tourist circuit but with easy access to san telmo via subway and to palermo via taxi.  Boedo also has a lot of independent theaters and is walking distance to almagro and abasto which are the center of the contemporary art scene in Buenos Aires.  Egle's recommendations for restaurants (Pan y Arte) and theatres (Timbre 4) were also wonderful and spot on.
<br/>
<br/>The apartment itself unfortunately is rather sterile and the layout is not at all cozy.  It feels very much like a hotel room instead of a home.  I think some of this could be remedied with more decorations, like some rugs and some softer lighting.  It should also be noted that the apartment is essentially a small studio (hotel room sized) with a kitchenette attached.  "
85949,18119253,22/08/2014,17472179,Dudjis,"The apartment was awesome, really good location near the Metro(Subte) and buses. It's very quiet and good for rest after a long day of walk , tour and shopping.  The Kitchen is very well equiped, all very clean the shower is hot . The neigborhood is nice there are some restaurants avaliable with good foods and very fair prices with awesome quality. I got a really good experience in this place and will come back on future trips to Buenos Aires. Loved it!"
85949,19464917,13/09/2014,10425902,Beatriz,"It is just like in the pictures. The location is good but it may not be the best one if you are not taking taxis all the time or if you don't like dealing with buses. If you are a walker or would rather bike around the city, you better stay in San Telmo or Recoleta. 
<br/>
<br/>The loft is a comfortable place and it has pretty much everything you may need. I think a few things could be better if you are staying for more than 4 days, like I did. There's no place to hang clothes to dry if you wash them, like underwear or socks. And there's only one towel for each person. For 9 days you may feel like you need new ones. Same thing for the kitchen towel. And I felt in need to clean the house a bit but there were no cleaning products.
<br/>
<br/>I only talked to Egle by email but she was nice and gave us important recommendations. "
85949,29943775,14/04/2015,18443656,Juliane,"At first I have to say that it was the cleanest and tidiest apartment that I have seen in South America. From the beginning I felt really comfortable. Also the location is very good. A big supermarket and the subway are close to the apartment.
<br/>Sadly, we couldn't met Egle. But she answered to every question we had and gave us a lot of tips for Buenos Aires.
<br/>I wouldn't hesitate to stay there a few more days!"
85949,41097821,04/08/2015,9369338,Euclícia,"O apartamento é exatamente como vemos nas fotos. É silencioso e bem localizado. Egle parece muito experiente no ramo e qualquer pequeno problema que aparecia ela o resolvia prontamente. Eu ficaria novamente no apartamento se voltasse à Argentina. A única coisa para a qual chamaria atenção são os equipamentos de cozinha: eles são limitados - não havia, por exemplo, abridor de vinho nem escorredor de macarrão, duas coisas muito básicas e que qualquer turista necessita. No mais, eu o recomendo.
<br/>PS: o apartamentos se localiza no bairro Boedo, não em Almagro."
85949,45099143,31/08/2015,3091554,Linda,My stay in the apartment was very nice. The place is very comfortable. It is located in a very centra part of the city easy to get .<br/>
85949,52392486,29/10/2015,32929019,Jamile,"Tivemos uma agradável estadia no apartamento. É de fácil acesso ao metrô e aos principais pontos turísticos. Nas imediações há mercados, padarias, lonas etc."
85949,57130068,22/12/2015,47710061,Emilio,"Lo pasamos muy bien en el departamento de Egle, es un departamento moderno, con suficiente espacio. Además tiene todo lo necesario para dos personas. Está muy bien ubicado con verdulerias, lavanderias, supermercados, restaurantes, etc., muy cercanos. Hay dos pinturas muy bonitas, (asumimos que pintadas por Egle) a la luz de las cuales y en compañia de un par de copas, pasamos con los amigos analizando su significado, en lo personal mi favorita es la del perro persiguiendo la llave. Definitivamente volvería a quedarme ahi."
85949,64784809,08/03/2016,39871239,Marco Antonio,Un excelente lugar para hospedarse.
85949,101263074,12/09/2016,47215161,Rodolfo,"Bueno, estuve por bastantes meses, solo puedo decir que el apartamento fue increible, desde los encargados del edificio que me ayudaron bastante y que tambien colaboran con la limpieza del aparta ( son de suma confianza) valio la pena"
85949,137797619,17/03/2017,12942777,Maria,Bien equipado y súper bien comunicado. Un apartamento agradable y acogedor
85949,145473131,18/04/2017,111959624,Marcelo,"Great apartment. Plenty of light, as promissed, and located on a very nice and safe area of the city. Egle was always helpfull, ready to solve any problem. Strongly recomend this place."
85949,147998649,29/04/2017,111919196,Raul,"Confortável e com ótima localização, ônibus e metro bem pertos ."
85949,163110683,23/06/2017,111148527,Leandro,Muy buena anfitriona! Zona segura....muy recomendable!!!
85949,235398069,16/02/2018,76653916,Martuncho,"fue un alojamiento,  cómodo, agradable , con todos los servicios de primera  y muy buena ubicación"
85949,338418891,19/10/2018,101533501,Martha,"El depar está ubicado en un muy buen sector: está cerca de fruterías, supermercados, restaurantes, etc. Además está muy cerca de lo distintos medios de transporte público."
85949,346400084,08/11/2018,223409231,Byron,"100% recomendado, ubicado en lugar estratégico, tienes todo a pocos pasos, completamente independiente, limpieza total y muy confortable. Respuesta inmediate del anfitrión, Pues definitivamente lo recomiendo."
85949,348610264,14/11/2018,224878577,Luis,"O Apartamento é ótimo e a localização também! Tudo  aconteceu conforme o previsto e mesmo não tendo conhecido a Egle pessoalmente,  ela nos forneceu dicas incríveis de como tudo funciona, e os melhores pontos de interesse.  Toda a Estadia foi Perfeita."
85949,353559209,28/11/2018,226116616,Niriam,"Muy lindo departamento, bastante nuevo. Cómodo y bien ubicado"
85949,417501708,27/02/2019,158334129,Guillermo,"Un lugar increíble, con todo lo necesario para sentirte como en tu casa"
85949,432616949,04/04/2019,90308307,Agathe,"Logement très propre et agréable, nous y avons passé 4 jours. Egle était absente mais c'est Oscar qui nous a très gentiment accueilli. Egle est très réactive par messages et nous a donné pleins de conseils pour visiter la ville, prendre les bus, voir du tango,... L'emplacement est très bien, avec toutes les commodités nécessaires dans la rue."
85949,436664566,13/04/2019,223747188,Catalina,"Un lugar lindo, con espacio amplio. Fácil acceso. Muy cómodo. El edificio es silencioso, y por la disposición no se escuchan los ruidos de la calle. Ascender y descender es muy rápido. Recomendado!"
85949,497599652,28/07/2019,108760717,Martín,"El departamento es muy acogedor y agradable, posee buena ubicación y conectividad con metro y buses, además es bastante seguro, inlcuso de noche. Existe mucho comercio alrededor como restaurantes, bares y farmacias. Lo único malo es la ducha, la cuál es demasiado pequeña. Todo lo demás es excelente! A pesar de ese detalle nos volveríamos a quedar en el departamento de Egle!"
14222,108259522,15/10/2016,12298713,Jill,"Our host, Manuel, was very thoughtful, responsive & kind. If we had any issues- such as not knowing how  to turn on the heating, or how to use the video- he would explain via whatsapp or come around as soon as possible to show us. He always responded immediately to any questions or problems. He also suggested places to eat & things to do. His English was very good.
<br/>The apartment was very cozy, & decorated beautifully. It had a small outdoor courtyard & balcony off the bedroom, which we loved as you could have plenty of fresh air.
<br/>The washing machine was great to have, as staying for around 7 weeks, we used it frequently.
<br/>The location was incredibly convenient, 2 minute walk to Alto Palermo Shopping Centre( very modern), 2 minute walk to Bulnes subway train station, very close to Avenue Santa Fe for buses. Palermo Soho was only a 20 minute walk away & the Botanical Gardens a 10 minute walk. Fruit & vegies shops & mercados(supermarkets) less than 1 minute away.
<br/>Although the apartment was ..."
14222,112019798,03/11/2016,6040073,Thomas,"Manuel war ein sehr netter Gastgeber! Er gab uns eine Menge nützlicher Tipps und antwortete auf unsere Emails immer sofort. Das Apartment war sehr sauber und mit viel Liebe und stilsicher eingerichtet. Wir fühlten uns dort sehr wohl. Es war direkt im Herzen von Palermo gelegen und sehr zentral.
<br/>Manuel was a very nice host! He gave us a lot of usefull Information and answers our questions immediately. The Apartment was very clean and furnished with much style and love. It was amazing!  It was located directly in the heart of Palermo and very central.  "
14222,114065005,15/11/2016,93828382,Lauren,"Manuel is a exceptional host. He provided helpful information like places to visit and restaurants before our arrival. Happy House is a cute old classic Buenos Aires home. We are so thankful for the resources provided. We used the maps, made mate, and enjoyed the open space. "
14222,121234702,15/12/2016,8587113,Alicja,"We had a wonderful holiday in Happy House. Manuel is a perfect host, very communicative, always helpful and has lots of local's tips. Happy House is a really cozy decorated and well equipped apartment in a great location. 
<br/>Thank you Manuel for hosting our family."
14222,124268807,01/01/2017,45181077,Sarah,"Eclectic and clean apartment with a lovely feel. Great air con, plenty of towels and bedding. Tiny but good kitchen! Safe and friendly area, super close to supermarkets and Alto Palermo mall. Subte (underground)  a couple of minutes away. Plenty of taxis around and we used Uber easily too. Stay there you'll feel at home straight away!"
14222,128647520,26/01/2017,858543,Tressa And Esteban,"This was a perfect place for us.  I more private street so not  so much city noise (though we always travel with a sound machine and have it on at night when in cities).  The apartment is spacious and very comfortable.  Good bed and pillows.  Large plants at the windows give a protected feeling and nice filtered light.  If we ever travel to BA again, we will definitely ask to stay again."
14222,134211768,26/02/2017,14682294,Grecia,"Me encantó poder hospedarme en happy house, sentí que estaba en casa. El departamento es hermoso, amplio, muy limpio, al entrar se sienten las buenas energías, la ubicación esta excelente. Manuel siempre estuvo pendiente de cualquier detalle, es muy atento y muy amable. "
14222,139456520,25/03/2017,43621160,France,"Very nice apartment in Palermo,with personal touch,and practical location for discovering the city.We stayded there almost a month and felt at home....we made the perfect choice!"
14222,141910625,05/04/2017,285371,Matias,"Manuel is a great host, very helpful and accommodating, made our stay easy from start to finish. The apartment is charming and well located. You have everything you need for your stay. <br/>There was a general strike across the city and he let us stay all day there after our checkout so we didn't have to stay on the streets with out luggage for hours, top host!<br/>Totally recommend!"
14222,143554232,12/04/2017,31662026,Victoria,"Pasamos muy lindo en Happy House!<br/>Todo fue tal cual como la descripción. Manuel estuvo atento a todo en toda la estadía.<br/> Fuimos con Antonio que tiene 5 años y pasó muy bien, tenía su dormitorio y una casa linda para llegar después de los paseos.<br/>La recomendamos y volveremos!<br/>"
14222,145188261,17/04/2017,87846457,Carolina,"Maravillosa Happy House!! Nos quedamos para semana santa con mi familia: mi marido una bebé y una pequeña de 6 años, el departamento está amorosamente decorado con agradables espacios libres y muy bien equipada, en una calle bastante céntrica y nosotros que amamos caminar encontramos que todos los lugares turísticos estaban bastante cerca, como por ejemplo el jardín japonés, planetario, malva, museo de Bellas artes, plaza francia, centro cultural, millones de cosas por hacer y visitar.<br/>Manuel es un excelente y preocupado anfitrión, se enfermó una de mis peques y hasta dato de clínica por si necesitaba me envio.<br/>Muchas gracias por tu hospitalidad Manuel, te volveremos a visitar muy pronto!!! Hasta luego!"
14222,152239091,15/05/2017,12246553,Sanjin,"This apartment was great.  The location is perfect; centrally located in Palermo, close to the subway and the main city avenue (Avenida Santa Fe), restaurants, bars, grocery stores.  The apartment itself is clean, well-equipped with all necessities, and perfect for both shorter and longer vacations.  The host was extremely friendly and always responded in a timely manner.  Highly recommend!"
14222,168751201,10/07/2017,46181693,Ryan,I stayed at Happy House for two months and it was a wonderful experience. The owners were very responsive and even left us a bottle of wine and some sweets. Great for a short or long term stay! 
14222,180164624,09/08/2017,46958162,Sofía,"Me ha gustado la ubicación, pese a estar muy céntrico no se escuchan ruidos molestos. Para ir en pleno invierno deberían equiparlo mucho más según mis necesidades, el resto es muy recomendable, María y Manuel son discretos y muy agradables, hacen que te sientas en casa! muy agradecida"
14222,202721320,12/10/2017,90571264,Jeremy,Appartement recommandé
14222,205200495,21/10/2017,27355739,Alita,Amazing flat in a great location!<br/>The communication for check in and check out was very good and helpful. I would definitely stay there again.
14222,219696677,18/12/2017,17454841,Bhavna,"We stayed at the Happy House for over a week. We were recieved  by the lovely Maria, who is the most amazing host. She was friendly and easy to reach when needed, always trying to help. We had a great time! The apartment is spacious. The internet works well. There are basic things in the kitchen to cook. There is an ac both in the living room and bedroom which was good because we had some hot days. The location is excellent. There is everything within 2 blocks range- groceries, atm, cinema, metro line, pharmacy etc. The happy house is a good place to stay in Buenos Aires."
14222,223631515,01/01/2018,109015015,Gabriella,"Ape super bacana, região agradável, proximo a varias lojas, mercado, shopping (mt perto). Tranquilo os combinados com Maria, que foi sempre atenciosa."
14222,256321772,22/04/2018,108476191,Crislaine Antunes,"A Maria, que foi quem nos recebeu, foi muito atenciosa em todos os momentos e estava no apartamento exatamente no horário combinado. Quando precisamos falar com ela, respondeu as mensagens em seguida. O apartamento é lindo, muito bem decorado, as acomodações muito aconchegantes e limpo. A localização do apartamento é ótima! Fica próxima a shopping, mercado e estações de metrô. Super recomendo a estadia no apartamento Happy House!"
14222,258628846,29/04/2018,6943152,Jerome,"Magnifique appartement dans Palermo, à un bloc du métro Buelnes. La deco de l’appartement est vraiment tres sympa, dans un logement bien fonctionnel. Le quartier est tranquille avec un grand super marcado a 200m, restaurant de grillade au pied de l’immeuble."
14222,273841150,07/06/2018,183313658,Aninda,"Really well located apartment, with subway and supermarket on the same block. Also three parks close by with playgrounds, which was important for us while travelling with a kid. Maria was very responsive and easy to contact for the duration of our one month stay."
14222,284421657,01/07/2018,18353689,Marika,"This clean, bright, warm and safe apartment was a wonderful home for two traveling artist/friends. I stayed in the small room which is quite cozy but plenty big for one small or average sized person. If you are bothered by not having a door or need more storage space, this might not work for you, but I slept great.  The main room is huge with plenty of closet space.  Everything we needed was provided, and we loved our time here. Within walking distance to great sights (see the rose garden nearby) and many trains and busses.  If I can return to BA, I would be thrilled to stay here again."
14222,291808961,16/07/2018,167046750,Sebastián Gabriel,"Atención perfecta, muy buena ubicación, decoración y limpieza muy buena lo recomiendo altamente!"
14222,295506433,23/07/2018,88908407,Pamela,"Happy House is truly a home away from home! It's well provisioned for a couple friends and/or a family, designed to be comfortable and cozy, has TONS of storage space in the master bedroom, and at a prime location to the train/metro for easy city access. María was our main contact and was absolutely delightful -- thank you for helping make our stay so positive and comfortable. "
14222,316598503,31/08/2018,28194503,Lidia,"Apartamento é bem localizado, mas barulhento e indico apenas para casais, pois o segundo quarto  não é confortável ..."
14222,322614539,13/09/2018,30927754,Vincent,très beau séjour. Merci !
14222,327214317,23/09/2018,84993615,Javier,"Muy lindo departamento, ubicado en pleno palermo, en una zona muy tranquila, el lugar esta muy bien ambientado y te hace sentir como en casa de amigos. El único detalle que tengo para decir, es que la segunda habitación es muy chica, no tiene placard, y no tiene puerta."
14222,331010308,01/10/2018,124377194,Jennypher,Awesome! Thanks for the stay!
14222,338828579,20/10/2018,210432282,Samir,It was our first Airbnb experience and it was very positive. The apartment is situated in a bit less trafficked street but still If you like to walk then both Palermo Soho or Hollywood are within walking distance and so is Ricoleta. We enjoyed our stay and Maria was helpful both with check-in (our flight was several hours delayed) and check out.
14222,354037739,30/11/2018,204982903,Francisco Javier,"Piso bien situado, cerca del metro, a unos 20 min a pie de los parques de Palermo. Supermercado al lado de casa. Zona muy segura y poco ruidosa, muy buen lugar para vivir en Buenos Aires. Del piso las únicas salvedades, una habitación no tiene puerta y es muy pequeña y la cocina también es pequeña, no hay una mesa comedor al uso. La decoración es muy bonita y tiene el resto de servicios que se pueden esperar: lavadora, microondas, tostadora, aire acondicionado. En definitiva, estuve muy bien."
14222,360390737,20/12/2018,14055054,Acacia,"I had a wonderful experience at Happy House. The apartment is full of good energy - the building is older, and not sterile like many apartments are nowadays - it has soul and personality. It was clean, very comfortable, and well equipped with everything I needed in the kitchen (including a blender and espresso maker!), extra blankets and towels, washing machine.. everything. I loved the mornings with the sun streaming through the crystal in the patio, and the afternoons with the light coming through the trees on the bedroom balcony. Since I was there for work, I also appreciated the desk and the proximity of the large supermarket. María was wonderful and met me in person to deliver the keys at a time that was very convenient for me. Overall, fantastic value! I hope to return!"
14222,364825821,31/12/2018,1633005,Pete,The apartment was as communicated and the stay was fine.<br/>The disappointment was that a message had been sent asking when we were arriving. I was traveling and missed this message and also didn’t get a notification from Airbnb.<br/>This miss resulted in us not being able to check in until 6pm after arriving at 1pm.<br/>The expectation of the host that the result of missing one message caused this inconvenience.<br/>I’d have hoped that the info on the Airbnb page stating that check in in from 11 would mean that a key is available from 11.<br/>No attempt was made to communicate the impact of missing one message or to try to check if we had received the initial message... and this resulted in a poor experience.
14222,415355133,22/02/2019,9509245,Anne,Nice place!
14222,446875816,02/05/2019,21594067,Monica,"The location is superbly convenient and safe!  We enjoy the daily walk around the neighborhood.  Good restaurants are nearby.  All in all, the stay is satisfactory!"
14222,487000761,13/07/2019,245444351,Leandro,Muy buena ubicación del depto para hacer base y dirigirse a muchos lugares de interés. El depto no cuenta con canales de aire ni de cable para ver en la televisión.
14222,514682418,21/08/2019,19071998,Philippa,This is a really cosy gem of a place in Palermo. We had a wonderful 3-week stay there. The flat is like home from home and is very well equipped with everything you might need. It has very effective heating for the cooler winter days. It is very well located in the city. The neighbourhood has everything. It is also convenient for travelling to other neighbourhoods in the city. Check in and out were very smooth and flexible to fit our flight times. We wouldn't hesitate to recommend this as a wonderful and comfortable place to stay in Buenos Aires and would definitely stay there again. A big thank you!
14222,558920589,03/11/2019,538324,Jennifer,Wonderful stay! Thank you so much for the hospitality!!
14222,570452688,29/11/2019,13582574,Carolina,"Hermoso departamento, muy cómodo y en una excelente ubicación."
14222,601413738,03/02/2020,116313352,Daniella,"O apartamento é agradável e a localização muito boa. O apartamento é bem silencioso e tem ar condicionado no quarto (o da sala não segura o calor). Na parte de baixo do prédio tem um restaurante (churrascaria) e o exaustor da quase que na janela de dentro do apartamento, assim, o apartamento fica no horário de almoço e de jantar com cheiro de churrasco. Não me incomodou, mas fiquei pensando em como isso seria para um vegano. O apartamento não tem nenhum luxo, não tem nem taças de vinho e também não tem elevador (ele é no segundo andar). Mas é bem aconchegante, com cara de casinha e ao lado do metro. A Maria foi atenciosa mas atrasou na nossa entrada, um acidente ao qual se desculpou. Ela até nos deixou ficar a mais do que o horário de check out. Muito real ao que apresenta nas fotos."
14222,613064105,01/03/2020,4745601,Tomas,"El departamento es perfecto. Muy bien ubicado, más amplio de lo que parece en las fotos.  Excelente ubicación y la atención de María y los chicos fue fantástica, siempre atentos a que todo estuviera bien. Volveremos !!!"
14222,5.21629E+17,20/12/2021,560923,Natacha,"I enjoyed my 5-day stay at “Happy House”. <br/>I appreciated that the host accommodated my late check-in (my international flight arrived after 9PM). <br/>The owner left the apartment with many details that makes it eclectic and cozy, and gives this AirBnB a unique personality.<br/>The place was comfortable and well equipped. The kitchen had enough utensils for a short stay. There is a small table for eating (the only place in the apartment) and also a washing machine. The living room area was nicely decorated exactly as the pictures show, and the large sofa was comfortable for reading or working with a laptop. There’s a desk that I also used for when I needed to do some work. The apartment receives most of the light in the morning, and it gets dark in the afternoon.<br/>The AC in the living room area worked fine (I was lucky that my stay was during cooler days) and just opening the window to the small internal patio was enough for me. The issue with doing that is that the apartment is located next to La P..."
14222,5.48451E+17,26/01/2022,21255765,Athena,"Happy House was the perfect spot for my stay in BA. Maria is a great host. She is quick to respond and solved any problem I had within that day if possible. One of the AC units broke while I was there and it was during one of the worst heat waves in BA history. She had someone come quickly and fix it. The apartment is very comfortable and roomy. I was alone but 2 or 3 people could easily stay here. The location is fantastic as its close to everything. There are markets and grocery stores within a block or two. If you like asado, then there is a parrilla right outside the front door. In fact, I could smell the cooking steaks sometimes. The restaurant also has a playground upstairs which is great if you have kids. However you can also hear the kids playing and screaming so that was a bit noisy. Not terrible, occasional.  The shower was hot with great water pressure. The bed was firm but not hard. Perfect for me. The kitchen is small but has everything you need. Even a washing machine to do your own laundry. ..."
14222,5.62219E+17,14/02/2022,4093637,Robert,"The pictures tell the story. A lovely place for one or two.Tree line streets, three food shops within two blocks and a steak restaurant next door. I liked it so much I extended my stay for week."
14222,5.74614E+17,03/03/2022,132541652,Daniela,"Es un departamento muy cómodo y acogedor, uno se siente como en casa. Muy bien iluminado y ventilado. El rincón del escritorio es muy agradable para trabajar por la luz natural que tiene.<br/>La ubicación es excelente. La anfitriona fue muy amable y flexible para colaboranos en lo que pudo. Volvería sin dudarlo."
14222,6.15195E+17,28/04/2022,105639237,Rochi,Everything good. As shown in the pictures. Location is great. The apartment is old but has all the basics. There’s a tv but no cable provider so you’d need to plug your laptop. Wifi worked well!
14222,6.20914E+17,06/05/2022,290869243,Pablo,"Maria, excelente!!! responde a la brevedad los mensajes. El lugar está muy bien ubicado y es muy acogedor"
14222,6.43476E+17,06/06/2022,18456322,Cristian,The location is perfect and the apartment is real perfect when you are working or traveling.
14222,6.93402E+17,14/08/2022,157149474,Camilo,"The place was great and Maria very responsive, would recommend for sure"
14222,7.36197E+17,12/10/2022,9443034,Rolando,"Muy lindo departamento, amplio y con una ubicación perfecta. Ideal para estadías largas como la mia de dos semanas. Tiene absolutamente de todo. Sentí como si estuviera en el departamento de una amiga. María es super amable, responde cualquier necesidad rapidamente. Creo que también funciona muy bien para una pareja con un niño, ya que tiene un segundo cuarto muy pequeño agradable. Algo que no molesta, pero es para considerar es segundo piso por escalera. No hay ascensor. En sintesis, muy recomendable. Sin dudas, volveré"
14222,7.47105E+17,27/10/2022,75392516,Aodh,"Great location. Coffee shop and restaurant literally downstairs. Sade area. Close to good supermarket, shopping mall, subway and transport. The host is very nice and helpful. It is close to the street so bring ear plugs if you are a light sleeper."
14222,7.5431E+17,06/11/2022,239353845,Matias,excelente lugar para pasar unos días en BA
14222,7.75373E+17,05/12/2022,35589042,Gery,"This flat is absolutely perfect!<br/>I felt at home the moment I walked in. The location cannot be better, there's a nice restaurant right next door and lots of great places to visit only a few blocks away, If you are a runner like me, you'll appreciate the big parks nearby.<br/>It's a lot more spacious than it looks in the pictures, and both the balcony and the small private yard let in beautiful light and fresh air during the entire day.<br/>Wi-fi signal was good all over the flat, the bedroom is big and comfortable and the kitchen has everything you might need, and more!<br/>Next time I'm in Buenos Aires, I hope to stay there again.<br/>As a frequent Airbnb user, it's hard to find a place like this. I highly recommend it."
14222,8.00747E+17,09/01/2023,226719507,Patrizia,Todo perfecto!
14222,8.42711E+17,08/03/2023,353361460,Emily,Spacious and cozy! Great location.
14222,8.49222E+17,17/03/2023,369687252,Benjamin,"Incroyable appartement, proche de toutes commodités et extrêmement bien équipé ! Rien à redire, communication parfaite et très très bon rapport qualité-prix. Je recommande vivement."
14222,8.52925E+17,22/03/2023,35589042,Gery,"Es la segunda vez que me quedo en este departamento. Lo volví a elegir por la buena onda de María, la ubicación y la calidez del lugar.<br/>El departamento es súper cómodo y lleno de detalles que te hacen sentir en casa.<br/>Lo súper recomiendo!"
14222,8.61607E+17,03/04/2023,79278818,Rahul,"Possibly my favourite Airbnb that I’ve ever stayed in. Located in a beautiful, happening neighbourhood that offers lots to do within walking distance but is quiet enough at night. The apartment is very large, bright and stylish. The bedroom and bed are super comfortable, the living room is elegantly laid out, the kitchen is fully stocked with cooking supplies, and there’s a washing machine that you can use. Perfect home to come back to after a day of exploring Buenos Aires."
14222,8.73846E+17,20/04/2023,306986526,Mariana,"El departamento está exactamente como se ve publicado, buena zona fácil de acceder a todos lados, y Maria responde rapido y bien ante cualquier duda."
14222,9.31195E+17,08/07/2023,62536323,Renata,"Increadible appartement. Beautiful and full of details that made our stay emjoyble. Amazing house, near to the botanical garden, supermarket and Alto Palermo shopping centre. Very cute neighborhood. The bed is large and comfortable, kitchen is full of utensilse, nice couch. A lot of attention is payed to details. 10/10 recommend and would 100% stay here again."
14222,9.55036E+17,10/08/2023,41731398,Jp,"Excellent neighborhood and large, very amenable apartment. Maria was easy to work with and she even met me earlier than check-in due to an early flight arrival!"
14222,9.986E+17,09/10/2023,41731398,Jp,"In spite of some minor issues here and there, normal for an extended stay, Maria was wonderful at all times. I really appreciate her attentiveness!!! ¡Gracias, María!"
14222,1.00582E+18,19/10/2023,495559962,Mark,a great apartment with a lovely host!
14222,1.01027E+18,25/10/2023,500248374,Heather,The hosts were incredibly accommodating with last minute needs and switches to the reservation. They were incredibly helpful start to finish!
14222,1.03622E+18,30/11/2023,85747315,Sam,"I stayed here for almost 4 weeks<br/>The good:  Nice area in Palermo, close to shopping, public transportation, restaurants.  Nice street, nice trees, close to the botanical gardens (very nice).  The apartment has old world charm, hard wood floors, seems like it has thick walls, (could not hear neighbors).  Nice bathroom with good lighting, no problem with hot water.  Good bed, slept well.<br/>The not so great:  If you have mobility issues (I don't) and have heavy luggage, you may need help - there is no elevator to the second floor. The biggest concern is the noise emanating from the restaurant next door.  From 8:30am to 1:30am, there is a very loud continuous fan sound.  I had to use noice canceling headphones during the entire time I was in the apartment to find peace.  I'm surprised the other tenants tolerate this.  Not recommended for people with sensitive hearing"
14222,1.06819E+18,13/01/2024,9108491,Christian,"I have to split the feedback into two parts.<br/>Maria as my contact was very kind and always helpful, even supported me with some contacts to Notaries. More than expected.<br/>Unfortunately the flat itself has past its good times. The house is very old, so is the flat. In quite a few parts of the flat, you see that the cleaning was not done for ages, the little room has a water damage with clear first signs of mould. The furniture in the living room is unfortunately very much torn down and sitting on them not a pleasure. The antique chairs for the desk, I did not dare to sit on them longer than a couple of minutes, did not want to break them...<br/>The street next to the sleeping room is quite noisy, better bring earplugs for a good sleep. A dog of the neighbours is roaming the stairs frequently and goes every time he sees you literally into attack mode."
14222,1.08478E+18,05/02/2024,321023729,John,"This is the best Airbnb experience that I have had, right in the best neighborhood of Buenos Aires."
14222,1.0949E+18,19/02/2024,551075578,Aldana,Todo genial. Es una vivienda bastante antigua que ha sufrido algunas modificaciones respecto a las fotos pero eso no evitó que nos sintiéramos como en casa. Lo que más nos gustó fue el ventanal del dormitorio y la amabilidad de María.
14222,1.1537E+18,10/05/2024,350698430,M Ayet,"Muchísimas gracias, María y Mercedes.  Me gusta mucho tu hogar."
14222,1.17755E+18,12/06/2024,83171422,Francsico,Muchas Gracias Maria. Un placer todo.
14222,1.19573E+18,07/07/2024,585690556,Andrea Constanza,"Nos recibió María, es una crack, súper anfitriona, increíble el lugar. ❤️"
14222,1.26451E+18,10/10/2024,39194279,Belle,"I had the best time at Maria’s apartment, the surroundings were amazing and the size of the apartment was perfect for all those days I’ve been there. <br/>She’s friendly and she took care of any issue I had. <br/>I hope I can comeback to this apartment soon since I’ve felt like home. <br/>Thanks so much dear Maria! You’re great!! 😊"
14222,1.28915E+18,13/11/2024,33766945,Ilias,"Мы провели замечательный месяц в Буэнос-Айресе. Квартира удобно расположена в отличном районе. Рядом множество ресторанов, кафе и парков. Очень близко от метро. Не смотря на то, что улица днем достаточно оживленная, в квартире тихо. В квартире есть все необходимое даже для достаточно длительного проживания. Нам все очень понравилось, никаких нареканий.<br/>Мария - замечательный хозяин, рекомендую!<br/>Единственный нюанс в том, что в доме нет лифта, детскую коляску приходилось носить на руках. Для нас это не проблема, но для кого-то другого может быть важно."
14222,1.33697E+18,18/01/2025,146657112,Anabella,Muy hermoso apartamento y súper bien ubicado!! María fue increíble en todo momento !! Súper recomendado
16695,192101,04/03/2011,374233,Leilah,"I just got back from Buenos Aires - and Mariano's delightful apartments were a highlight. Not only is San Telmo the epitome of what we were hoping to find in BA, the lofts themselves are light, airy and beautifully kept. 
<br/>
<br/>Mariano is always helpful, always smiling, and always someone we'd happily recommend! "
16695,242199,27/04/2011,417883,Joakim,"We hired 3 rooms from Mariano and we had a very good experience in San Telmo. It was nice and tidy and felt safe.
<br/> I can really recommend Mariano for other travellers to Buenos Aires.
<br/>
<br/>Joakim S - Stockholm / Sweden"
16695,923037,15/02/2012,1555504,Darlene,"We loved staying at Mariano's apartments on Calle Mexico.  The location is fabulous.  Great restaurants, bakeries nearby and easy to walk anywhere.
<br/>
<br/>The bed was really comfortable.  The unit was really quiet and so cozy.  We had all the kitchen equipment that we needed and there was a grocery store nearby for coffee and food.
<br/>
<br/>The only thing to be aware of is that the air conditioning is either all on or all off for all the apartments on one floor at the same time.
<br/>
<br/>We would highly recommend staying here.  Mariano is a great guy with a great attitude and his apartments are really a quiet and wonderful refuge in fabulous Buenos Aires!"
16695,953612,27/02/2012,825299,Andrew,"The neighborhood made us a little nervous at night, but we gradually got used to it. It was great to be near the San Telmo fair on Sundays. The space itself was nice, although a little older and darker than expected. Overall our stay was good."
16695,984907,10/03/2012,1650564,Jan,"Had a fine time in BA!  Did not get to meet Mariano (he was working & out of town), but the loft was comfy and conveniently located for walking & public transport.  The San Telmo district is probably  best for younger folks, with it's broken sidewalks and doggy droppings all around, but it is a very interesting area with great tango, good food & fun people watching.  I would  definitely consider returning!"
16695,1053007,27/03/2012,1642538,Cecilia,"Muy conveniente, muy cómodo.  A pesar que había algunas cositas que merecen la atención (luces que no andan, el piso del dormitorio tenía baldosas rotas presentando riesgo de cortarse los pies si andabas descalzo), yo creo que se arreglan eso, el lugar es bárbaro.  Nos trajeron toallas por demás, y es muy lindo el patio que se comparte con otros huéspedes. No obstante esto, las fotos son mejores que en persona.
<br/>Me inquietó un poco que si bien el precio cuando lo contraté estaba en dólares, el aviso de la reserva vino en EUROS, espero no tener problemas cuando vea mi resumen de la tarjeta.... creo que eso es un problema de AirBnB y no de Mariano.
<br/>"
16695,1096888,08/04/2012,664486,Stefan,"The apartment is really nice. The patio and the roof terrace make it a very special place. 
<br/>Many thanks
<br/>Stefan
<br/>
<br/>PS: Excellent Peruvian / Japanese fusion restaurant nearby: http://www.mbuenosaires.com.ar/"
16695,1117434,12/04/2012,1850128,Benedicte,"El piso es muy lindo y muy practico, la cama es comoda, esta muy bien equipado y limpio. lo unico punto defavorable es la falta de luz de dia.
<br/>Ademas esta muy bien ubicuado para los que quieren disfrutar del barrio e san Telmo, para nosotros el mas encantador de Buenos Aires. Es un lugar que aconsejaria a quien viene a pasar un tiempito en bs As!"
16695,2252699,10/09/2012,83653,Adrian,"The communication with Mariano was great. He was helpful with everything that i asked and he always replied within a few minutes or hours. The place is a great option for a couple or 3 people. It is located in San Telmo, blocks away from great restaurants and clubs (Gran Parilla Del Plata  on Peru and Club One on Adolfo Alsina are my top choices). The subway (Subte) is just around the corner.
<br/>
<br/>"
16695,2370909,22/09/2012,3297962,Cecilia,Fue una muy buena experiencia para nosotros la estadía en ese departamento. Se notó mucha preocupación por hacemos sentir bien y todo lo prometido se cumplió. Lo pasamos increíble. Gracias por todo. Fue una agradable y placentera estadía. Lo recomiendo de todas maneras.
16695,10365541,16/02/2014,10739262,Brendan,"Really well situated apartment in Monserrat (i.e. just north of San Telmo) close to the subtle and only a short walk from all of San Telmo, Plaza de Mayo and Calle Florida. The shared areas are fantastic, giving you extra space beyond the loft apartment and providing the place with a real sense of tranquility, while Elbio is a very enthusiastic and obliging host. It's worth pointing out that the apartment is a part of complex rented out to travellers - which meant someone came in and cleaned the room one day (which was great!) but we didn't know about it beforehand and left a whole bunch of stuff out (not so great). And while the kitchen is functional, it is really small, which might be difficult if you are keen to eat in, but there's so many good cheap restaurants nearby that you really wouldn't need (i.e. want) to!"
16695,11010862,17/03/2014,3384540,Alim,"The apartment is good for few days, but it's more like a hotel than just an apartment.
<br/>The whole building is dedicate for rental with tourist. That's not a problem as there is enough space (you'll not see your neighbor a lot), but if you prefer a stay in a flat surrounding by Argentinian, prefer an other place in other parts of the city.
<br/>
<br/>The area is quite safe and you'll be able to find many restaurants and bars. Plus you'll be in the heart of the administrative commercial and financial city and close to the subway.
<br/>
<br/>The building has a great ""jardin d'hiver"" and a superb terrace.
<br/>The apartment is good with no special charm.
<br/>"
16695,11376332,31/03/2014,432710,Sebastian,"Perfect place to be in downtown Buenos Aires, and yet, enjoy the tranquility needed. The host is very helpful and friendly, and the loft is very spacious. I will definitely will go back again! PS: Check the roof.. ;^)"
16695,23779134,09/12/2014,17978365,Diego,"El duplex no. 6 es tal cual como la descripción, y una muy cómoda y buena base para una estadía en BA. Aunque no lo conocí personalmente, Elbio fue muy atento a todas mis inquietudes, respondió rápido a los mensajes y ante un cambio de planes imprevisto que tuve yo, fue flexible con las respuestas. Muy recomendable."
16695,28190081,19/03/2015,29214757,Jared,"Nice little loft, everything was clean and the common out door space was very good as well. Enjoyed my stay there."
16695,44849901,29/08/2015,33984707,Liz,"I didn't stay at this listing, but booked it for a photographer that works for my company - Elbio was very easy to communicate with and Manuel (our photographer) had no trouble with checking into the apartment. He said everything was clean and convenient. The only issue he had was that the heat in the apartment wasn't working, although Elbio provided him with a space heater."
16695,59712591,14/01/2016,27814702,Jisun,Very nice and good location~ <br/>I make a good memories in buenos aires! 
16695,64082872,29/02/2016,55945457,Lio,"Mariano war sehr freundlich und alles verlief unkompliziert. Die Wohnung ist super und gemütlich. Die Lage ist auch prima... Also rundum alles perfekt. Außerdem gibt es noch eine Dachterasse, die in der Beschreibung der Unterkunft nicht ausreichend erwähnt wird. Nur zu empfehlen!!!"
16695,67515757,29/03/2016,59282585,Martins,"Nice place, location and  terrace:) Enjoy"
16695,73678052,09/05/2016,19272953,Julian,Zuni es muy amable. Nunca hablé con Mariano en persona pero tampoco hubo necesidad. Todo salió muy bien. El lugar es muy lindo y la zona es ideal para conocer lugares del centro histórico. Todo queda al toque y es muy fácil conseguir cualquier cosa cerca del apartamento. 
16695,82808804,29/06/2016,67204557,Jocelyn,"I was able to stay in Mario's place for a month while I volunteered for a local charity. The location was perfect and central to everywhere you could want to be. It was close to bus lines, subways, restaurants, shops and so forth.  My family I and enjoyed exploring in the neighborhood. The rental itself is not plush like other apartments in the area. When we first arrived the apartment was very dusty and the shower curtain had mold. We had to ask for it to be re cleaned, in which Mario was happy to comply, but it took a day or 2 just with conflicts in schedules.   There were minor issues such as plumbing, electrical, and the ceiling upstairs leaked once or twice. The issues were fixed, however for a vacation rental, I believe it could of been a bit nicer. Lastly, the sofa had a huge rip in it with a cover that did not fit well. Would I stay at Mario's again? Maybe for a couple of days, but for a longer trip I would play a little extra for nicer amenities. "
16695,89461318,28/07/2016,73875875,Marcus,"Apartamento bom, fica no coração de San Telmo, tudo realmente muito perto, da para fazer quase tudo a pé, é um bairro um pouco caro, mas aonde fica a parte histórica e turística  da cidade, fica a 2 quadras da feira de San Telmo no domingo. O apartamento é bem cuidado, e Mariano e Zuni foram bem atenciosos, auxiliando no que for preciso. Se for pegar motorista para transitar do aeroporto ao apartamento, leve o dinheiro já em pesos já. O apartamento fica no andar térreo e a área comum é muito boa e tranquilo. Se for ficar em San Telmo, recomendo o apartamento."
16695,113230136,11/11/2016,101427788,Nicola,"Un buen sitio para llegar de paso con zonas principales y claves muy cerca. Muy buena atención y receptividad. Falta cubrir un poco los detalles en cuanto al piso, paredes y el olor de la ropa de cama. De resto excelente!!! "
16695,115289141,23/11/2016,101441877,Tyler,"Elbio was very friendly and helpful during our stay. He offered to help with a taxi, was responsive with turning on the AC, and was able to make some last-minute changes with our arrival and departure times."
16695,121355093,16/12/2016,96481170,Natha,"Un lugar muy tranquilo, agradable y silencioso. <br/>El departamento estaba muy limpio, lo cual vale destacar. La cocina  y baño tenian todos los elementos necesarios. <br/>El espacio es bastante amplio y cómodo."
16695,124996698,03/01/2017,98994757,Juana,La casa es tal como está en las fotos y tiene un hermoso patio interno ! Me encanto 
16695,212994661,19/11/2017,149611733,Maria Fernanda,"Ambiente familiar, excelente ubicación, cuenta con todo lo necesario es  una buena opción de hospedaje"
16695,220242463,21/12/2017,109019977,Rosiane,"O espaço é ótimo e próximo de tudo! As acomodacoes sao bacanas, tudo funcionando perfeitamente! Adorei o jardim :)"
16695,243845976,17/03/2018,139939403,Rafael Ricardo,"Elbio ,  un excelente anfitrión."
16695,255467079,20/04/2018,8856298,Camila,Un duplex espacioso y cómodo! Ubicado cerca de muy buenos restaurantes y bares. La pasamos genial!!!
16695,323442320,15/09/2018,176272874,Belen,"El alojamiento es tal cual las fotos! Muy recomendable, en una zona muy linda. siempre estuvieron a disposición para sacarnos cualquier duda. Definitivamente volveríamos."
16695,332984210,06/10/2018,216602219,Claudia,...
16695,360133919,19/12/2018,12892500,Sam,"Very nice and stylish duplex apartment in the heart of San Telmo - my favorite area in Buenos Aires. Close to shops, restaurants and a lot of beautiful places to see within a walking distance from the apartment. Checking-in and out was swift and easy."
16695,402763697,19/01/2019,25842661,Deidre,It’s a little haven in the middle of the concrete jungle! It offers peace and tranquility and it really is quite comfortable!
16695,428593459,25/03/2019,34119274,Alfredo,"Muy buena opción para estar en un buen y cómodo departamento, Y una ubicación inmejorable para quién visita a Buenos Aires."
16695,429015247,26/03/2019,149149168,Rafael,Bonito loft cerca de los ligares mas turisiticos y una respuesta rapida.
16695,440955111,21/04/2019,172579973,Juan Pablo,Muy confortable<br/>Recomendable 100%
16695,456794390,22/05/2019,146790594,Rubén,"Un lugar excepcional en todo sentido, todo tal cual como lo publican, muy amables en todos los servicios, la ubicación estratégica ayudó a movernos y poder pasear por los mejores lugares de Buenos Aires. Recomendado 100x100. Ojalá podamos volver pronto, ni dudaría en contactarlos de nuevo."
16695,465837754,08/06/2019,130058245,Silvana,Muy buena comunicacion con el anfitrion. Limpio y comodo. En una zona clasica de Buenos Aires.
16695,476556181,26/06/2019,221257854,Valentina,Gran ubicación es tal cual las fotos el duplex
16695,479829610,01/07/2019,12685230,Nicholas,"This is a convenient loft space in the heart of the San Telmo neighborhood.  My group of three came straight from the airport with multiple bags.  Elbio Mariano and Zuni were easy to reach and made check-in a breeze for us, and then we were off to explore.  Wifi was strong, bathroom and kitchen were clean, and we slept like stones.  The next day we checked out of the room at 10 a.m. but had access to the lobby area (with charming and eclectic decorations) to keep our bags until we left later in the afternoon.  We appreciate the hospitality!"
16695,522037287,01/09/2019,243303401,Diego Andres,"Es un lugar muy agradable, muy bien ubicado, recomiendo pedir un depto que no de a la calle ya que está ubicado a la vuelta de un boliche y  el ruido de la calle es insoportable"
16695,540435359,03/10/2019,292837989,Maricela,Excelente ubicación
16695,554517277,26/10/2019,12236665,Jeremias,"Muy atentos, muy cómodo lugar."
16695,570877509,30/11/2019,62292686,Gabriela,"El lugar esta muy bien ubicado, para lo que lo necesitábamos cumplio su funcion al 100%,  era pasar una noche en capital por un evento, el lugar es espacioso, comodo, tuvimos un inconveniente con la mochila del baño y fue resuelto rapidamente,  eso muy valorable, mejoraria la limpieza general del inmuble pero sobre todo la del baño, y como sugerencia al dueño dejaria algunos articulos minimos necesarios en el baño (sobre todo cuando uno llega) como jabon para manos y mas papel higienico, el patio compartido muy lindo,  en general bien, la atencion de Elbio fue muy buena, respondio y estuvo atento."
20062,44034,19/05/2010,107833,Matt,"Sergio was very helpful and friendly, the apartment was very nice and I enjoyed the area. There are lots of great cafes and restaurants close by. Olsen on Gorilitti is amazing. I've moved to Recoletta now which is much busier, I think it's nice to experience both areas"
20062,85970,28/08/2010,173354,Lori,"We had a wonderful trip to Buenos Aires.  The apartment was beautiful and the location was perfect.  Sergio was very accommodating and could not do enough for us.  I would highly recommend this location!!!!
<br/>
<br/>Tuvimos una experiencia maravillosa en Buenos Aires. El departamento supero nuestras expectativas. To do nos fue súper bien. Sergio era muy cortes y atento con nosotros y el portero también hizo todo lo que pudo para ayudarnos. En fin lo recomiendo 100%"
20062,181407,13/02/2011,180476,Maria,"I rented one of Sergio's 2 bedroom apartments for 4 people and we had a fabulous time. The apartment had all the modern amenities and it was clean, affordable and in the best location. Palermo is a beautiful neighborhood and we had cute cafes and restaurants within blocks of the apartment. Sergio was responsive to all my questions and very accommodating. He let me know in advance that the original apartment we had booked would be unavailable, so he put us up in the same apartment on another floor of the building and gave us a free nights stay. Worked out perfectly. I would stay here in a heartbeat the next time I visit Buenos Aires."
20062,2964244,26/11/2012,1467984,Robert,"This was a beautiful apartment in a beautiful neighborhood in an amazing city!!  I have used Airbnb several times before, but this is by far, the best place I have ever stayed.  The apartment is gorgeous with an amazing view of BA.  It is also in the perfect neighborhood, walking distance to some great restaurants, bars and shopping.  The apartment is the perfect size for 2-4 people, is well decorated and the beds extremely comfortable.
<br/>
<br/>Sergio was extremely nice and great to work with.  He even helped us call a car service for our trip to the airport and worked around our travel schedule.  When I make it back to BA, this is where I am staying."
20062,3451732,01/02/2013,2805823,Mark,"Sergio is a great host, helping you out with any questions you might have in BA.
<br/>
<br/>As for the apartment,  is absolutely top shelf in Buenos Aires. I am definitely staying in this apartment next time Im in town.  "
20062,3496177,08/02/2013,1850153,Spyros,"Beautiful appartment, confortable, well situated with amazing view. Sergio and Mariano did everything to make our stay the best possible. Thanks guys! We ll be back! "
20062,3833378,19/03/2013,335290,Alex,"We stayed in Sergio's ""Penthouse/Terrace & pool/City views"" for 12 nights and had an amazing experience. Sergio was extremely accommodating and the apartment was clean and perfect - exactly as described in the listing.
<br/>
<br/>The apartment is great with two bedrooms and a large bathroom on one floor and a kitchen + living room on the floor below. Both floors have magnificent balconies with a great view of the city.
<br/>
<br/>On the roof is a pool with a hangout area and laundry facilities.
<br/>
<br/>On the street level of the building is a FANTASTIC bakery + cafe - Asturias - where we spent nearly every morning drinking cafe con leche and eating pastries.
<br/>
<br/>Nearby in the neighborhood are several small grocery stores, a great hip vegetarian restaurant, and countless other cafes and restaurants. Not far away is a very trendy shopping district. Also not far away are two subway lines.
<br/>
<br/>Sergio helped us with a 'Pack 'n Play' for our little one to sleep in. He also helped accomodate our ..."
20062,3867221,23/03/2013,4141321,Naomi,"Sergio's apartment is *amazing*.  It is very clean, modern, comfortable, and has these breathtaking city views that can be seen from both terraces (or where the pool is as well).  Sergio was very patient with me during my 1st time booking through AirBnB and even while I wasn't sure if it would be one or two guests.  He also accommodated a very early morning check-out (3:30 a.m.) and Mariano, who also helped with check-in, helped to arrange a reliable taxi. Sergio's apartment has a nice binder with all the information in it a visitor could need or want which was excellent.  It is close to many restaurants, bars, and cafes.  It also happened to be about a 10 minute walk to where I was taking Tango lessons with Tango Piola which was wonderful and convenient.  I hope that when I come back to Buenos Aires I can stay in this beautiful apartment again!"
20062,4181114,16/04/2013,809358,Mateo,"Both Sergio and the apartment were great. <br/>Sergio was helpful, great with communications, and an all around cool guy. <br/>The apartment is just as you see in the photos, it's awesome. But perhaps the real gem is the location. It's perfect.  On a quiet tree-lined street next to everything. Parks, metro, restaurants, bars, you name it. <br/>Would have a hard time staying anywhere else on my next trip to Buenos Aires. <br/>Thanks Sergio! "
20062,4966050,04/06/2013,6023058,Slava,"Had a wonder time in Sergio's Penthouse. Everything was just as described and in the pictures. Location is fantastic and very close walking distance to all the wonderful restaurants, clubs, bars.  Very short taxi ride to all the other burrows."
20062,5576555,07/07/2013,1573760,Harold,This apartment was all that it was said to be. Sergio was a great host and had all ready for us on our arrival. I would stay at this apartment when I return to BA.
20062,9077504,04/12/2013,7214243,Ramsey & Elizabeth,"Sergio was a fantastic host, and proved to be super flexible and accomodating to my changing schedule. This flat is thoughtfully designed and I would highly recommend it to anyone. Really made a tremendous difference to have such a nice place to stay in BA."
20062,9369030,24/12/2013,6955641,Philippe,"Très grand duplex neuf et modern dans un bon quartier. Aucun vis a vis, vue exceptionnelle, parfait pour 4. Tout est a proximité, superette, bars & restos, boulangerie au pied de l'immeuble. Metro a 800m, mais en fait il vaut mieux faire signe aux taxis dans la rue (prix très bas). Le seul bémol est la piscine un peu petite. Excellent rapport qualité / prix. Vous pouvez le louer les yeux fermés. Pour dire vrai c est le genre d'appartement que l on aimerait avoir en France. Sergio, gracias por todos! "
85949,543844078,08/10/2019,296162810,João,"Bueno lugar, agradable, buena localización"
85949,589059699,05/01/2020,301080620,Vinicius,"Ótima localização, próximo do metro, comércio local bem variado."
85949,599539520,30/01/2020,324956184,Eduilson,"Foi tudo  maravilhoso,  amei as acomodações  , o lugar  ,amei tudo"
85949,717856803,24/12/2020,366129847,Yhonny,"Acogedor apartamento, muy bien ubicado y cerca de muchos restaurantes y tiendas. Facil de tomar medios de transporte. La cocina muy completa, incluyendo utensilios. El edificio en general callado, tranquilo y  agradable.<br/>Muy buena decoración y con todo lo necesario para 2 personas. <br/>El internet dejó que desear, cosa que era muy importante para mi. <br/>El calentador de agua se apagaba sin razón aparente constantemente."
85949,4.74536E+17,16/10/2021,347496874,Rodrigo,"Egle excelente e impecable como siempre, 10 de 10 en TODO. Super recomendado."
85949,4.98467E+17,18/11/2021,347496874,Rodrigo,Excelente todo! 10/10
85949,5.07107E+17,30/11/2021,432380474,Shahen,todo excelente. saludos
85949,5.48453E+17,26/01/2022,440693614,Denisse,"todo tal cual la descripción, excelente lugar"
85949,5.74575E+17,03/03/2022,190977070,Juliana,"Buena ubicación!!!el encargado Oscar fue muy amable y me explicó todas las dudas!,"
85949,5.78961E+17,09/03/2022,446848569,Rolando,"Muy buena ubicación, departamento cómodo, anfitrión muy amable y encargado del edificio también."
85949,5.97029E+17,03/04/2022,451000908,Ricardo,"El departamento  100% recomendado, ubicado en lugar estratégico, tienes todo a pocos pasos, completamente independiente, limpieza total y muy confortable. Respuesta inmediate del anfitrión, Pues definitivamente lo recomiendo."
85949,6.07205E+17,17/04/2022,247995375,Melisa,Siempre atento y amable!
85949,6.34758E+17,25/05/2022,183192855,Carla,Todo ok!
85949,6.70197E+17,13/07/2022,440498434,Javier,Un hermoso lugar súper tranquilo y acogedor
85949,6.89813E+17,09/08/2022,464651670,Silvana,"Mi estancia fue fantástica, el departamento es lindo,  cómodo, luminoso, está en una zona que cuenta con todo lo que se necesita y más. Gracias Egle por todo.!!"
85949,6.99926E+17,23/08/2022,464651670,Silvana,"Mi estancia fue fantástica, estoy muy contenta."
85949,7.13009E+17,10/09/2022,278844184,Valentín,"Ha sido una estadía espectacular, gracias egle"
85949,7.27513E+17,30/09/2022,458835539,Christian,"excelente lugar y ubicación, se llega fácilmente a los principales lugares de la ciudad. Cómodo y completo para cualquier estancia larga o corta"
85949,7.37611E+17,14/10/2022,219766775,Roberto,"La ubicación es bastante buena, el barrio tiene numerosos servicios: cafetería, pizzería, supermercados, heladería, estación de subte a 4 cuadras, paraderos de locomoción pública a sólo metros.<br/>Si quieres viajar de madrugada, no existe la facilidad para hacer el check-in a cualquier hora, sin embargo Egle nos facilitó adelantarnos el check-in en 2 horas.<br/>Al lado del apartamento hay una guardería de niños/niñas, cerca de las 10 am se escucha el ruido de los niños jugando (solo de lunes a viernes). Para mi no fue un problema, pude descansar igualmente.<br/>El wifi funciona bien, aunque algunas veces se cayó, sin embargo existen otras redes públicas a las cuales uno se puede conectar.<br/>Lo recomiendo."
85949,7.72401E+17,01/12/2022,482456030,Andrei,"всём рекомендую эту квартиру! хороший район, рядом несколько супермаркетов и магазинов, много ресторанов и кафе, общественный транспорт под рукой - метро, автобусы! я жил один три недели, жильём доволен! чистый подъезд, чистый лифт, чистые коридоры, чистая квартира! отличный wifi, горячая вода, газовая плита, телевизор, удобный стол со стульями! невероятно удобные кровати! всём рекомендую эту квартиру как прекрасный вариант для туриста и для рабочей поездки!"
85949,7.78173E+17,09/12/2022,415313823,Yajayra,"Excelente disposición y comunicación. Todo en orden tal cual se muestra en las fotos, recomiendo el lugar para su estadía."
92228,590713710,09/01/2020,153641633,Leandro Soares,"Agradecemos muito a incrível hospitalidade ofertada pela Mirta e por seu filho Mauro.<br/>O apartamento é incrivelmente bonito e limpo e fica localizado em uma das áreas mais agradáveis de Buenos Aires, estando a poucos metros da Praça Las Heras, do famoso cemitério da Recoleta e de diversos outros pontos turísticos.<br/>Além disso a anfitriã foi super atenciosa conosco tanto no check-in como no check-out e sempre foi solicita a todas as nossas solicitações.<br/>Ficamos 15 dias no apartamento e tivemos uma estadia incrível e com certeza retornaremos."
92228,621441253,31/03/2020,323275952,Rafael,"Anfitriona de altisima calidad, amable, atenta y cuidando la mayor cantidad de detalles posibles. Altamente recomendada."
93174,710134,11/11/2011,58807,Paula,The apartment was good and the location is very convenient if you need to be near downtown. The host was very nice and the breakfast is included. Clean and comfortable. 
93174,718222,14/11/2011,1286558,Rogerio,"Local super agradavel. Boa localização. E uma gentil recepção por parte da Sra. Veronica. Estou satisfeito.
<br/>
<br/>rogerio"
93174,1886305,04/08/2012,2987246,Tao,Our experience at Tucuman 2430 was great. Veronica and Luciano were great hosts and helped us in every way to make things easier for our fist visit to BA. The B&B is a cozy place only a few blocks from the subway D line. 
93174,127843895,21/01/2017,103844717,Elsy Fabiola,Es un sitio cómodo para alojarse. excelentes anfitriones!!!<br/>Resuelven todas las inquietudes. Maravillosos guïas turísticos y culturales. Los recomendamos!!!!
93174,128643434,26/01/2017,103844717,Elsy Fabiola,"lo recomendamos. Cómodo, limpio, ordenado. Excelentes personas y guías turísticos y culturales.<br/>Nos hicieron sentir en casa. "
93174,173073042,22/07/2017,23818977,Lucas,El apartamento es como está presentado en el anuncio. Es cerca de varias líneas de metro y de buses. Luciano es sumamente amable y atento. Es una muy buena opción
93174,212155668,16/11/2017,1695568,Diego,"El apto de Luciano es muy cómodo y muy limpio. Allí me atendieron sus inquilinos, porque Luciano estaba en Italia y fueron muy buena onda y tenían todo limpio. No tuve ningún tipo de problemas. <br/>La locación  es súper cómoda para quien necesita estar en el centro pero no tanto para quien busca vida nocturna, restaurants cerca y quiere hacer una onda más turístico-Juvenil ya que todo cierra temprano en la zona. Pero repito, si necesitas estar cerca del centro, esta es una muy buena opción, imagino que de las mejores en la zona."
93174,244314670,18/03/2018,110653435,David,"Hermoso departamento, amplio, luminoso y muy cálido."
93174,249689441,02/04/2018,43958385,Alessandra,Le logement de Luciano est magnifique et parfaitement propre. Ce fut un plaisir de rester là-bas dans cet environnement aussi sain. En plus Luciano est un super host toujours prêt à aider. I RECOMMEND
93174,434217437,07/04/2019,205933517,Leonie,"Es ist eine sehr schöne Wohnung, nahe am touristischen Zentrum von Buenos Aires. Sie ist sehr gut angebunden an die U-Bahn, es gibt sogar 2 U-Bahn Stationen in nächster Nähe. Die Wohnung ist sehr schön und super ausgestattet. Für ein paar Tage ist die Unterkunft zu empfehlen. Auf längere Sicht stimmt das Preis-Leistungsverhältnis nicht ganz."
93174,7.55796E+17,08/11/2022,307235505,Federico,Excelente. Nos sentimos como en nuestro hogar.
93174,7.60862E+17,15/11/2022,390059894,Agustín,Muy buen alojamiento. Romina es muy buena onda. El lugar limpio y cómodo!
93174,7.67361E+17,24/11/2022,256330791,Franklin,Eu adorei a minha estadia. A anfitriã fez tudo para garantir que eu aproveitasse plenamente a cidade de Buenos Aires. Desde o início foi muito cordial e conforme o tempo foi passando fiquei tão a vontade que nos tornamos amigos. Eu recomendo essa acomodação para quem busca alto grau de satisfação. A limpeza é impecável e o quarto é arejado e confortável.
93174,7.70926E+17,29/11/2022,483736779,Yehisson,"excelente anfitriona, ambientes frescos y aromatizados, privacidad"
93174,8.01448E+17,10/01/2023,210934435,Juanita,"Lugar cómodo, grato ambiente, Romina muy dispuesta a responder cualquier duda, mucha disposición a ayudar. El barrio con buena locomoción. 100% recomendable"
93174,8.30419E+17,19/02/2023,152926142,Raul,"Mi mejor experiencia en Airbnb hasta la fecha. Romina es una verdadera superhost. Al regeresar de la calle siempre sentía que llegaba a casa. Cualquier cosa que yo necesitará Romina era mas que capaz para solucionarlo de manera rápida y amable. Mi cuarto era silencioso, fresco, con buena luz de la ventana y un escritorio para trabajar. El baño siempre estaba limpio y disponible. Usé mucho la estación de Ecobici que estaba a menos de dos cuadras. No tuve ninguna problema en el mes que estuve."
93174,1.02465E+18,14/11/2023,243156040,Андрей,had a great time there thx alot!
96490,8.05054E+17,15/01/2023,381468332,Hobbert,"Cristina é uma excelente anfitriã!! Ela me tratou muito bem, deu dicas sobre Buenos Aires, sobre lugares para ir e como me locomover pela cidade!! A localização do apartamento é excelente! Perto de tudo, podendo fazer muitos passeios a pé, indo a museus, praças e bares! O Apartamento é excelente, possui um banheiro privado pequeno e um quarto bem grande!! Recomendo muito!! Excelente localização, muito silencioso!! Há um parque muito perto que caso queira ficar à vontade sem precisar andar muito fica a 1 minutos a pé!"
96810,13424792,27/05/2014,14124534,Mariana,"O apartamento foi ótimo para nossa estadia de 5 pessoas.
<br/>A localização é ótima. realmente muito perto das principais atrações da recoleta (dá para ir andando tranquilamente). Também fica bem próximo a uma avenida bem movimentada (Av. Santa Fé) na qual tem muitas lojas, lanchonetes e ônibus para todos os lados. Fica bem próximo do centro também, mas já é uma caminhada um pouco maior, eu preferi ir de ônibus, mas em um instante se chega. Também de ônibus chega-se rápido a região de palermo e a porto madero. 
<br/>Quanto ao apartamento os dois quartos principais são ótimos, já o terceiro com a cama de solteiro é bem pequeno, assim como o banheiro que fica nesse quarto é um pouco desconfortável para tomar banho por causa do tamanho pequeno. O outro banheiro, que é comum,  já tem um tamanho melhor. Todos os ambientes são limpos e arrumados. 
<br/>Apesar de ter anunciado que tem aquecedor, não tinha. Porém, apesar de o clima lá fora estar frio o ambiento interno estava com uma temperatura ótima, o apartamen..."
96810,29178985,05/04/2015,3864527,Eric,"Very nice appartment. The service is really good, with 2 housekeeping days per week. The location is perfect and secure, close to all important places in town.
<br/>I definitely recommend it"
96810,31323828,04/05/2015,12331281,Bruce,The check-in was easy and very welcoming.
96810,203724305,15/10/2017,48354608,Vanderson,"Apartamento aconchegante e muito bem localizado. Não conhecemos o Enzo, mas fomos muito bem atendidos pela Laura. Recomendo!"
96810,278721811,18/06/2018,41672886,Vik,Nice apt and conveniently located.<br/>Although a bit worn out and in need of a renovation.<br/>Responsive and accommodating hosts.
96810,300593750,02/08/2018,59732438,Gustavo,"Zona excelente, sobre todo con niños tiene una plaza cerca muy linda. Seguridad 24 Hs y cerca de av Santa Fe y dentro de uno de los mejores barrios."
96810,312489443,23/08/2018,48836350,Sintha,"It was great experience to stay here, location was perfect, and we feel secure in this neighborhood. Since we travel to Buenos Aires every year, hope I can stay here next year. Thanks Enzo! "
96810,331052400,01/10/2018,121936234,Elisa,"El barrio es encantador, muy bien ubicado y en una linda calle. Laura siempre muy atenta y preocupada. Lamentablemente el wifi no funcionó 1 día y medio aprox. La limpieza del departamento es el punto más deficiente."
96810,337169711,15/10/2018,27914236,Javier,Excelente apartamento. Enzo realmente impecable. Laura fue quien nos recibió nos trato espléndido. Super recomendable
96810,342247747,28/10/2018,939707,Simone,El dept esta muy bien ubicada y limpia. Hemos disfrutado mucho nuestra estadia. Volvemos seguro!
96810,344397640,03/11/2018,24418089,Dedé,"O apartamento é muito bem localizado, com tudo perto e portaria 24h. Muito seguro, com elevador e sacada. É mais escuro e menor que parece nas fotos e o terceiro quarto (dependência de serviço) é bem pequeno e desconfortável.  Aconselho para quem quiser usar apenas os dois quartos com camas de casal.  A pessoa que nos recebeu foi muito pontual e solícita!"
96810,353342723,27/11/2018,132093708,Eduardo,Everything perfect. Thank you
96810,360157632,19/12/2018,44126391,Agry,"El apto necesita urgente mantenimiento,  no val calidad con el precio pagado"
96810,368261671,06/01/2019,10508369,German,"It is located in a prime location in Recoleta, close to main spots in Buenos Aires and with excellent transportation to further places. <br/>Some worn out in the apartment is promised by Enzo to be improved soon."
96810,416334570,24/02/2019,154734380,María Pastora,"Muy lindo, grande y acogedor. Ubicado en un barrio relativamente cercano al centro que puedes ir fácilmente caminando. Me sentí muy segura en el lugar que además contaba con todo lo necesario para la estadía (aire acondicionado en las piezas, algo muy importante). Lo recomiendo para las personas que van en grupo, la comunicación y preocupación por parte de Laura se agradece mucho. Solo tuvimos un día problemas con internet pero fue solucionado a la brevedad."
96810,430358345,30/03/2019,50308527,Jonas,Great!
96810,435822128,11/04/2019,33864711,Fernando,"Excelente ubicación, todo lo necesario para una estadía super comoda."
96810,437982814,15/04/2019,228717183,Laura,La ubicación está bárbara y la coordinación  para llegada y salida del alojamiento fue perfecta.
96810,441989692,22/04/2019,245340876,Enrique,"Muy bien ubicado y acogedor.  La atención de Laura excelente, profesional y oportuna. Limpieza impecable, cuenta con todo lo que indican.  Solo un mínimo detalle. Deben cambiar el colchón de espuma de cuarto que da a la calle. Lo demás está perfecto. Laura un 10 en todo. Muchas gracias. Volveremos a ir."
96810,452058607,12/05/2019,225651739,Soledad,"Todo bien, comunicación rápida, buen lugar, buena ubicación, barrio tranquilo. Sin duda volvería. Gracias Laura por todo!"
20062,9460130,30/12/2013,8688872,Martine,"sergio is a very kind and reliable guy. not only the apartment was absolutely perfect and beautiful - just like on the pictures - but also sergio gave us good advice for our stay in buones aires. the apartment is located in a great and safe area (many cute restaurants, bars, design stores etc.) and even during the hottest summer since 35 years the air conditioning worked well :)
<br/>best regards from switzerland
<br/>"
20062,9850027,14/01/2014,9985491,Serafim,"Sergio mostrou-se um ótimo anfitrião, inclusive disponibilizando uma pasta com dicas de passeios e restaurantes de Buenos Aires. O apartamento é perfeito, muito confortável e com todos os utensílios para a estadia. Recomendo sem restrições."
20062,10117376,01/02/2014,10920771,Mario,"Le condo de Sergio est absolument fantastique et est situé dans un quartier intéressant. La vue de notre condo est à couper le souffle. À deux minutes de marche; boulangerie, épiceries et une multitude de resto. Sans aucune hésitation, je recommande ce condo à qui veut vivre un merveilleux séjour. Muchas gracias Sergio!"
20062,10811687,09/03/2014,10001264,Suzie,"Que de bons mots. Le condo est comme sur les photos et très propre. Sergio est un hote gentil, avenant, aux services de ses invités. J'ai perdu mes valises lors des transfères et il était présent pour que je puisse les récupérer. Vous pouvez aisément lui faire confiance. Je le recommande fortement et si je retourne à buenos aires je vais relouer ce condo."
20062,11959936,20/04/2014,13139381,Rilze Nogueira Costa,"Minha estadia foi excelente. Tivemos problemas com o voo e chegamos de madrugada e o Sérgio providenciou tudo para nos receber. O apartamento é lindo e confortável. tudo perfeito. Quando voltar a Buenos Aires quero me hospedar novamente neste apartamento.
<br/>Obrigada, Sérgio.
<br/>"
20062,12925690,14/05/2014,1922481,Jackie,Sergios home is great fresh  and has a beautiful of the city.The porter was very kind and helpful.
20062,13598925,01/06/2014,2521923,Michelle,What a fantastic place to stay in BA.  Sergio was incredibly accommodating and helpful.  My husband and I had never been to BA before; Sergio had many recommendations and travel tips.  I would highly recommend the host and the home for another stay.  If we ever return we will be sure to book again with Sergio.  
20062,14388081,18/06/2014,12221498,Erik,"This place was great.  Too cold to use the rooftop pool in the winter, which was on the  smaller side but would have been GREAT to cool off in during the warmer months.  Sergio took great care with his place, even had a binder full of useful info and recommendations ready for us.  The location was real convenient. No problems or hangups with this experience at all."
20062,15029234,01/07/2014,936051,Jefferson,"Sergio's place was fantastic, top of the line amenities and views of the city like no other! My only disappointment was that we stayed there in the winter time and not the summer, to be able to enjoy the rooftop pool. Communication was great between Sergio and his friend who let us into the apartment. I would highly recommend staying here and would love to come back in the summer time! "
20062,15530382,11/07/2014,7008163,Graham,"We spent 7 nights at Sergio's apartment and we couldn't of asked for a better place or location. The apartment is perfect size (there were 4 of us - 2 couples) with decent sized bedrooms and bathroom (great hot water) with a great living area downstairs with a more than adequate modern kitchen.  We stayed in winter and the heating was great. Extra blankets and pillows available for the comfy beds if needed. It is close to a very generous selection of restaurants,  cafes and bars in trendy Hollywood and a 5 minute walk to those in Soho. On the doorstep is a lovely bakery, an organic cafe and a boutique beer bar. They provided alot of information about tours and bars, and a folder in the apartment had everything you need to know in it. Great wifi too. Close to the train line and  Taxis are everywhere for an adventure to Central or San Telmo and it's an easy walk to Recoleta. Would definite use Sergio's place again in BA."
20062,16425470,27/07/2014,17837859,Marie Christine,Alquile este piso con mis tres hijas y fueron los  mejores días que tenia en Buenos Aires. La vista es increíble desde el living y te permite quedar por la noche a dentro del piso con la impresión dominar a la ciudad; Todo esta muy bien equipado y super lindo; Es la impresión de un hotel de lujo pero con la mitad del precio. Ademas Sergio fue muy amable permitiéndonos ser mas flexible con los horarios y todo así que lo recomendó a tope para cualquier persona que quiere aprovechar del mejor piso relación calidad-precio de este barrio !! Maria 
20062,18758356,31/08/2014,20321802,Ricardo,Sergio made our trip absolutely enjoyable by being very attentive throughout the entire process. Sergio is a great guy and everything that is published on his AirBNB advertisement is fulfilled to perfection.
20062,19921197,21/09/2014,12708237,Rosey,"We loved this apartment - great location, well-presented and Sergio responded quickly to my emails. Fantastic experience!"
20062,20245809,26/09/2014,20850004,Stephen,"Loved Sergios Penthouse. great location, well described and the phots are accurate. Very clean and comfortable. Loved my stay in BA and this was def in part to this airbnb. Thanks Sergio!"
20062,20365025,28/09/2014,3918227,Unai,"Hemos pasado 3 días estupendos en Buenos Aires. El piso de Sergio, además de ser muy agradable, se encuentra en una de las mejores zonas de BA; zona tranquila pero a la vez con mucha vida (restaurantes de diseño y de variedad culinaria, bares de diversos tipos, tiendas y boutiques...). Cómodamente se puede llegar a los principales puntos de interés de la ciudad. Por otro lado, el piso es muy bonito y limpio con una vista increíble sobre BA. Por otro lado, la atención y ayuda de Sergio antes de nuestra llagada así como su rápida respuesta a cuestiones varias, ha sido de gran ayuda."
20062,22575156,10/11/2014,8157400,Maxime,"we spent 5 weeks in this amazing flat ! location is just perfect. Sergio and friends help you for everything. the building is safe, doorman is cool... for my next journey in BA, i will go there for sure !
<br/>thank you sergio ;)"
20062,23989374,16/12/2014,9125504,Tim,"We had a wonderful time in Sergio's delightful apartment.  The location was excellent with plenty of restaurants and bars near by and a fantastic panaderia next door.  The apartment was extremely clean, equipped with everything we could have needed, and a perfect base for the four of us to spend a few days in Buenos Aires.  We would recommend it highly and could not fault it.  Thank you Sergio."
20062,25002248,05/01/2015,14674310,Sue,"This was our first time using Airbnb, and it was fantastic.  The apartment was exactly as described, and very clean and comfortable.  We were met by Sergio's wife when we arrived from the airport, and we were provided with a huge binder of information on what to see and do.  We didn't need much from Sergio, but the two times I contacted him, we heard back from him quickly. It was plenty of space for my husband and two children, and I don't think you could beat the view for the fireworks displays all over the city on New Year's Eve.  We were here for a wedding, and my dad and aunts and uncles were able to rent two other apartments in the building, which was very helpful.  The neighborhood is very safe and comfortable-- a little bit away from the hot, noisy downtown area, but very reachable to things by taxi or subway.  Great restaurants and cafes all over the neighborhood, too!  "
20062,25173159,08/01/2015,6074044,Daniel,"Friendly couple, who hosted us. The apartment ist great located, new cool designed, clean, safe and has a fantastic view over Palermo. Sundowner is amazing! Would always recommend it. "
20062,25890696,28/01/2015,4923047,Lourdes,"This is an excellent location right in the heart of trendy Palermo Hollywood. The apartment is clean, modern and nicely furnished. It's a professional operation so everything is taken care of with efficiency and ease. Highly recommend. "
96810,468030782,11/06/2019,30898857,German,Recomiendo este alojamiento
96810,471936760,18/06/2019,231123908,Rafael,"Apartamento muito bem localizado pois já conhecia a região, apartamento antigo mas muito bem conservado! A Laura foi super atenciosa conosco, check-in e check-out feitos com extrema eficiência! Pelas fotos parece maior mas atendeu 4 adultos e 2 crianças bem! Recomendo e voltaria sem duvida!"
96810,481895340,05/07/2019,250764666,Vasca,"El depto es súper cómodo, con todos los servicios necesarios para una excelente estadía, vigilancia 24 hs con personal super amable, la ubicación es inmejorable! Y la atención de Laura espectacular, super amable y puntual, muy flexible con la hora del check out.<br/>Super recomendable!! Volveremos al mismo alojamiento, como hace años que lo hacemos cada vez que visitamos Bs As."
96810,485287935,10/07/2019,36341549,Claudia,"Ein nettes Apartment und toller Lage. Luxus nach deutschen Maßstäben nicht, aber mit Wohlfühlcharakter."
96810,488806245,15/07/2019,121261693,Laila,"EXCELENTE!<br/>Depto super cómodo y limpio, respuesta rápida de los host al momento de la reserva. Laura nos recibió de la mejor manera. Ubicación excelente."
96810,498946118,30/07/2019,223645456,Juan Manuel,Todo muy bien recomendable
96810,514058088,20/08/2019,90533223,Vanessa,"O apartamento é muito bom, local tranquilo. A localização é excelente, próximo à restaurantes, ao metrô e também se consegue andar a pé por Recoleta."
96810,517542680,25/08/2019,121752458,Rodrigo,"Excelente ubicación, amplio departamento. Algo ruidosa la calle, pero relación precio calidad excelente!"
96810,534386594,22/09/2019,8112629,Justin,"Great location, if somewhat noisy. But the apartment is in need of renovation and photos don't really accurately reflect the current state of the space. Kitchen sink seems to flood. No laundry facilities. Basic amenities missing. Could be so much better. Was disappointed by the state of towels, bedding and pillows. Disappointing."
96810,548382604,17/10/2019,211391480,Karla,"Es un departamento muy cómodo, bonito y en una ubicación excelente."
96810,574657351,08/12/2019,47840442,Cecilia,"Lo mejor la ubicación, la recepción de portería. Todo lo demás nos ha dejado muy disconformes. Desde camas, colchones, hasta la limpieza. espero y les pido que cambien lo máximo que puedan el diseño y la calidad el departamento ya que la publicidad que tiene es Style design and luxury o pongan fotos veraces de lo que ofrecen porque no es de agrado pagar por adelantado algo que luego no se corresponde ni en precio ni en espectativa."
96810,583245398,28/12/2019,102593272,Mike,This is a great place to stay. It is located in a wonderful neighborhood with many restaurants near by. Very easy to get to other parts of the City. It is very clean & the host is very responsive.I would highly recommend it.
96810,5.514E+17,30/01/2022,2143442,Alessio,Tutto ok - siamo stati da Michele per un mese. Posizione ottima e casa comoda
96810,6.10833E+17,22/04/2022,20820278,Silvia,"O apartamento de Michele é muito bem localizado. Amamos esta região da cidade. É muito proximo da av. Santa Fé e da 9 de julho, tem restaurantes, mercados e comércio próximos, acesso a transporte público e é muito perto da Recoleta. <br/>O apartamento é claro, amplo dentro de sua proposta, e acomoda bem 5 pessoas. Um dos banheiros é ligado ao quarto de solteiro, mas não foi impedimento para nós. O apartamento foi entregue limpo e com alguns mimos, como água e frutas. Ele tem uma cafeteira Nespresso (não consta no anúncio, ou pelo menos nao vi, então acho legal mencionar).  A internet funciona muito bem. Os chuveiros aquecem bem. Roupa de cama e de banho bons. O prédio tem portaria 24h, é muito seguro. <br/>Viajamos 2 casais e uma criança, nos acomodamos muito bem por uma semana e nos hospedaríamos novamente. Check in e check out descomplicados. Não precisamos usar ar condicionado, então não posso avaliar. Agradeço pela hospitalidade."
96810,6.77493E+17,23/07/2022,190110867,Veronica,El departamento es precioso! Impecable! Y la ubicación es la mejor! <br/>El barrio es muy lindo y seguro
96810,6.82504E+17,30/07/2022,154184163,Fernando,"Pasamos muy lindos días en el departamento de Michele. Nos encontramos con un lugar muy cuidado y limpio, con las comodidades necesarias para una familia de 5 personas. La ubicación es excelente como para salir a caminar y recorrer lugares icónicos de la ciudad de Bs As. Sin dudas lo recomiendo."
96810,7.60839E+17,15/11/2022,67251507,Jorge,"Muy buena ubicacion!! Limpieza 10, unicacion perfecto cerca de todo! Lo recomiendo"
96810,8.65165E+17,08/04/2023,386987522,Diego,Excelente apto y el barrio genial!! <br/>Muchas gracias a Sabrina muy amable su atención! Esperemos volver pronto!
96810,9.21768E+17,25/06/2023,463385038,Alejandra,"Excelente ubicación, recomendado!"
96810,9.45667E+17,28/07/2023,236521805,Matheus,"Local muito bem localizado, porteiro 24 horas e vizinhança bem segura. Espaço do apartamento muito bom, acomodou muito bem os 5 hóspedes."
96810,9.60886E+17,18/08/2023,524625214,Hugo,Nos sentimos cómodos en el departamentos
96810,1.00577E+18,19/10/2023,539123022,Efrain,bueno
96810,1.02175E+18,10/11/2023,263634351,Renata,"A localização é excelente, dá para fazer muita coisa a pé e tem muitas lojas, cafés e restaurantes próximo. O prédio é seguro e, apesar de antigo, é bem conservado. A anfitriã respondia rapidamente e estava disposta a ajudar quando foi preciso."
96810,1.0276E+18,18/11/2023,127127431,Lourdes,El dpto no está bien mantenido.  No ponen ni jabón en el baño.  Solo 1 rollo de p.h. Para 4 personas x 6 noches.  Las toallas de muy mala calidad manchadas y percudidas.  Se veían sucias.  Las sábanas de yute y las fundas de almohada de algodón corriente que raspaban.  Las sillas del comedor rotas.  Los muebles de la sala en mal estado con cojines de adorno que parecían trapos. El puf con tapiz viejo todo rasgado.  Es una pena que un dpto bien ubicado y cómodo esté en tan mal estado de mantenimiento.
97043,1211704,01/05/2012,2113869,Jakob,Very nice and relliable host! Would recommend any time.
97043,1740267,18/07/2012,1616882,Steve,"We really enjoyed our stay at Ceferina's!
<br/>
<br/>The apartment is in the Buenos Aires district, a few blocks from the Obelisk, the subway, Buenos Aires' best pizza and much, much more.   Cooking in the kitchen was easy, and we passed many happy hours on our holiday.   The apartment is lovely and quite cosy, and I happily recommend it to others."
97043,1823447,28/07/2012,464135,Sasa,"A cozy apartment and good location. Very close to the metro, and many bus routes around. Supermarket and some restaurants nearby.  Speedy and stable wifi. Well equipped kitchen. 
<br/>Ceferina is very nice and even she was not in town and still reply our requests immediately. Her sister also helped us and ensured everything was okay. With Ceferina and her sister help that we spent a wonderful time in BsAs."
97043,2582531,11/10/2012,3608260,Guilherme,"Caferina nos recebeu no apartamento no horário combinado e nos mostrou tudo como funciona. Foi bastante atenciosa e deixou seu telefone para contactá-la caso precisássemos de qualquer coisa.
<br/>O apartamento estava limpo e arrumado e tinha tudo o que precisamos (louça, toalhas, roupas de cama). Tem TV a cabo, a internet é boa e havia adaptadores nas tomadas. Tivemos uma ótima estada. Por fim, combinamos o horário do checkout com Caferina que foi até o apartamento para pegar as chaves no horário combinado e nos perguntou se tudo transcorreu bem e se detectamos algum problema no apartamento."
97043,2647606,18/10/2012,850485,Pauly & Norman,"Ceferina was a lovely host! She met us at the apartment, like she said she would. She recommended some great places to eat within walking distance (less than 5 mins walk). I would suggest emailing her about places to check out: i.e. where to watch Tango (she will recommend a great place). Also, if you are arriving into BA by air (please ask her for Dante's contact). He took us to the airport. But had we had know, Ceferina has such a great contact, we would have wanted him to pick us up! 
<br/>
<br/>I recommend this place because its clean, super convenient location to catch buses (as most buses and subways) intersect in the downtown area, close to the Obliesk. If you like taxis, they are easy to catch in her area as well.There is also a close by supermarket. We took the opportunity to cook two meals at the apartment since we ate out far too much! 
<br/>
<br/>Safety-wise, the area is great. We had no problems being in downtown and her area is well lit with street lights. 
<br/>
<br/>In the apartment, she pr..."
97043,3262403,04/01/2013,3686966,Caetano,"We had the best time at Ceferina's apartment! It has a great location (in the heart of the city) and it´s accommodations are very confortable for a couple. It was very nice to have (cook and eat)   our christmas dinner at the apartment. The kitchen is fully equiped and putting the table at the balcony for our dinner was really a plus.
<br/>Beyond the apt, Ceferina was a great hostess always caring about us.
<br/>She's such a friendly person.
<br/>It was really a pleasure to meet her and if we come back to Buenos Aires we would surely want to stay at her's again.
<br/>We strongly recommend to everyone"
97043,6743117,23/08/2013,6483939,Carla Cecilia,"Great place to stay!! Perfect location!! Ceferina is a great host she take really good care of my mom and sister during her stay. Thanks again Ceferina for all the assistance.
<br/>"
97043,8436954,30/10/2013,9509206,Bruno,"Excelente anfitriã. Nos recebeu na data e hora marcada, o apartamento estava em perfeitas condições e tudo correu como o esperado. Foi atenciosa em ligar e mandar e-mail para saber se precisávamos de ajuda e nos deu dicas de pontos turísticos. Fala inglês, espanhol e um pouco de português. Recomendo!"
97043,8912553,25/11/2013,4514452,Marisa & Hanning,"Our first airbnb experience was with Ceferinas place and it was just great! She met us at the apartment, showed us everything we needed to know and helped us on the spot fixing internet, as we noticed it didn't work! (After that it worked perfectly) We appreciated the balcony for a Quilmes and the really central location! You will reach any places of interest by tube or walking! The apartment is lovely and has everything you need! Ceferina was a really nice host and made us feel very welcome and comfortable! Thanks Ceferina!"
97043,5.52852E+17,01/02/2022,76031817,Marcos,Good location. <br/>Ceferina helped me with everything that I needed.<br/>Recommend
97043,5.78134E+17,08/03/2022,280693308,Gabriel,"Ceferina me recebeu muito bem. Me ajudou com alguns imprevistos que tive com minha trip(muchas gracias :)) O apartamento é super confortável e bem localizado... tem tudo que necessita pelas redondezas (mercados, farmácias, restaurantes, bares, boates) e  apesar de ser central achei a vizinhança bem tranquila para quem busca tranquilidade. Super recomendo!!! ;)"
97043,6.07864E+17,18/04/2022,76609240,David,"The location is great. The pictures show the furniture in multiple locations, which make the apartment seem larger than it really is. Overall the stay was nice and Ceferina was a good host."
97043,6.44143E+17,07/06/2022,234408009,Joana D&#39;Arc,"Caferina é a melhor anfitriã que pode existir. Nos sentimos em casa no seu apartamento que é lindo e bastante aconchegante. As roupas de cama e banho são limpas e perfumadas, a TV tem imagem ótima e vários canais cabo. Também é possível preparar refeições e tomar um bom mate, pois a cozinha tem utensílios práticos. A localização é outro diferencial. Fica perto de várias comodidades como: restaurantes, supermercados, farmácias, metrô... Dá para ir a pé até obelisco e outros pontos turístico, como o prédio do congresso. Nas redondezas também tem uma bela praça para lazer ou exercícios. A nossa estadia foi ótima! Seja a negócios ou turismo, o apartamento de Caferina é uma excelente opção e com certeza ficaríamos novamente!"
97043,6.98538E+17,21/08/2022,6035247,Paula,"Estuve 2 meses y me voy muy conforme con la estadía. Barrio muy bien comunicado para ir y venir por todo Buenos Aires.  El departamento tiene todo lo que se necesita, Además es muy silencioso, aunque está en pleno centro, Y es  luminoso. Ceferina muy atenta."
97043,7.28184E+17,01/10/2022,119354755,María Noel,"Muy buena ubicación, el apartamento tiene todo lo necesario! gracias Ceferina y Teresa!"
97043,7.65141E+17,21/11/2022,4133159,Marcello,"El lugar es fantastico. Tiene todos los muebles y los recursos que una persona podría querer. Tambien los colores, la madera, y la decoración crean un ambiente calida, asi que se siente como si estuviera en una casa, y no en uno de esos airbnbs impersonales y genéricos. Recibe mucha luz en el departamento, y en la terraza se puede bañar bastante bien en la luz del sol. La presión del agua es muy fuerte, y hay mucho agua caliente, asi que se puede disfrutar bien la ducha. El lugar estaba muy limpio. Y la anfitriona es muy atenta y gentil. Me dió mucha información sobre el barrio, y me ayudó mucho en el checkout cuando tuve problemas encontrando una taxista. El barrio es encantador. Hay la arquitectura y los torres beaux arts por todos lados, y el parque del congreso, donde caminaba cada día. El barrio es un barrio muy de buenos aires, mas que otros barrios que intentan replicar estilos modernos de otros paises. Es el barrio mas interesante en mi opinion."
97043,1.10443E+18,03/03/2024,39615707,Tom,"This is an old apartment located very well for foreign visitors. Everything works as it should with a washer and balcony, Avenida Corrientes is two blocks away withe the theater district and all restaurants. Western union is three blocks away in Congress Square and supermercado Coto is two blocks away. Ceferina is easy to communicate with and is attentive. Fair value for the money."
97043,1.13629E+18,16/04/2024,527670338,Marco Antonio,La atención como el lugar de estadía son de lo mejor...
100080,2930287,20/11/2012,804935,Hanna,"Laura was a great host. She shared the best of her knowledge of the city, all her recommendations were spot on. Definitely recommend staying with her!"
100080,190531401,04/09/2017,102785799,Gustavo,"Las fotos son reales, la atención de Laura impecable al igual que la Sra. encargada del edificio. Nos sentimos seguros y super cómodos. Altamente recomendable. Para destacar: los pequeños detalles (café y té a disposición) son los que hacen la diferencia de un buen servicio."
100080,197061332,24/09/2017,74141476,Carlos,La localización es excelente. Para 4 personas es apenas justo pero es manejable. Deseable algunos detalles menores que mejoraran el comfort.
100080,202947829,13/10/2017,14120928,Gabriele,Todo estuvo bien
100080,206667197,26/10/2017,152078848,Selim,Excelente estadia!
100080,226391171,10/01/2018,166079931,Marie,"Clean, has what you need, and is a great location."
100080,227838039,16/01/2018,124466465,Oscar,"Muy buena ubicación con todos los servicios a mano, por la resolución rápida de las situaciones planteadas, el alojamiento resulta placentero para ubicarse en el corazón de Buenos Aires."
100080,231282328,31/01/2018,148665312,Ramão Eleuterio,Um apartamento muito bem localizado a quem quer conhecer Buenos Aires. Apartamento limpo e silencioso Laura foi uma ótima anfitriã. Certamente voltarei...
20062,25954130,31/01/2015,23027067,Alexandra,"Yes, the neighborhood was great and the apartment pictures were very accurate. "
20062,27489171,06/03/2015,12082055,Stine,"Vi kunne ikke ha vært mer fornøyd med leiligheten vår og med oppfølging fra Sergio. Bilder og tekst fra nettsiden lyver ikke, utsikten var enda flottere en bildene viser. Vi var to voksne og et barn på 9 år som storkoste oss i tre uker. Vi benyttet bassenget på taket mye, og hadde bassenget nesten alltid for oss selv. Hyggelig folk som jobbet i huset og hyggelige naboer. Etter besøk mer sentralt i Buenos Aires var det alltid like deilig å komme hjem til det rolige og fredlige Pallermo Hollywood. Vil anbefale leiligheten på det varmeste og vil veldig gjerne leie den igjen. "
20062,27999271,16/03/2015,10053549,Kayla,"Couldn't have been better.  Pictures can't even do this apartment justice - the view of Buenos Aires is incredible, we had a great time hanging out on the upper and lower patios, opening up the sliding door to the kitchen and living area, and watching the sunset from the pool on the roof.  Check in was easy, and Sergio and his wife were happy to help in any way.  Perfect location, surrounded by Palermo's shops, bars and restaurants (check out the bakery right downstairs for bread and pastries in the morning).  I'd recommend this to any of my friends and would absolutely stay again next time I'm in BA. "
20062,28662780,28/03/2015,28629776,Gabriele,"Great apartment with a wonderful view in a very good  location, with restaurants, cafes and shops nearby. Sergio was very helpful - we even could leave our luggage before check in and after check out with the doorman.
<br/>"
20062,28896523,31/03/2015,29011568,Virgil,"Excellent experience throughout.  Sergio was a great host and made our stay very comfortable.  Great walking neighborhood, ample dining options a few minutes away.  Subte (subway) options 10-15 minutes away.  The flat is just as described... excellent views and very nice architectural details.  Will definitely look forward to staying again next time I'm in B.A."
20062,29755306,12/04/2015,5053002,Bruno,The apartment is perfectly located and has a incredible view. Everything was clean and ready when we arrived. Sergio was very kind to us. Would definitely stay here again. Perfect.
20062,31185637,03/05/2015,20609965,Juliana,"The place is amazing: great view, great neighborhood, and very comfortable.<br/>Sergio is very solicit and the neighbors too! <br/>I will definitely get back some time. "
20062,31705162,09/05/2015,1450773,Winn,Sergio's place was perfect and exactly as advertised!!  Sergio and his English-speaking friend met us upon checkin and were very helpful and informative.   The place had an amazing view and was very clean...the location was perfect as there are so many restaurants and bars nearby to explore.   Sergio was very friendly and responsive to any questions we had.   Thank you so much Sergio!
20062,32025641,12/05/2015,13106892,Fernando,"El departamento es MUY lindo, funcional y por sobre todo cómodo. La ubicación es excelente, muchos bares y restaurantes buenos cerca. La panadería que esta al lado es altamente recomendable!! . Sergio fue un anfitrión genial, nos dio toda la información que necesitábamos y estuvo a disposición. Recomiendo el departamento sin dudar, y lo elegiría para mi próxima estadía en Buenos Aires!  "
20062,32282576,16/05/2015,31338548,Antonio,"Muy buenas recepcion y explicacion  del uso y servicio disponible.
<br/>Muy recomendable, lugar muy bonito y acogedor."
20062,32810038,22/05/2015,18625844,Loïc,"Sergio a été d'une disponibilité incomparable. IL a été très serviable et réactif.
<br/>Le logement est spacieux, très propre et très bien situé. Parfait pour une famille ou deux couples. Il est situé dans un quartier très sur, entouré de nombreux bars et restaurants."
20062,33124494,25/05/2015,7932688,Dale,Great apartment and location - highly recommended!
20062,33660128,31/05/2015,6911720,John,This was a great place and it looks exactly as the photos. Wonderful location. I would absolutely stay here again! 
20062,36695212,30/06/2015,13697040,Samuel,Great apartment! Exactly like the photos. We stayed for a week and would definitely recommend Sergio's place 
20062,37122597,04/07/2015,17724918,Robert,"Very Accommodating host. Apartment is beautiful with amazing views and located in an excellent neighborhood. Plenty of restaurants/bars located within walking distance.
<br/>Great Bakery and bar located on the first level. This unit is on the 4th floor (top level)"
20062,38389139,15/07/2015,3181388,Kacey,"My mother, her friend and I all stayed at his beautiful condo. The place was in a great location, we felt extremely safe and nearby great bars and food! <br/>Sergio was by far an excellent and experienced host, from detailed information on restaurant recommendations, to taxis to money exchanges -he was accommodating, very helpful and friendly. We all enjoyed the condo and would definitely stay here again and recommend him to anyone coming to Buenos Aires. Gracias por todo!"
20062,39039905,20/07/2015,10282924,Paula,O apartamento é exatamente como nas fotos. A vista é maravilhosa. O chuveiro funciona bem. Tudo perfeito. O Sergio e a esposa são super atenciosos. Com certeza recomendo. 
20062,40830648,02/08/2015,39287239,Ignacio,"La estadía fue impecable, el departamento supero las expectativas, es más fácil cuando se trata con gente seria y confiable como Sergio. La ubicación es inmejorable y el departamento espectacular "
20062,41412599,07/08/2015,37830870,Daniel,Great place. Great help from Sergio. Highly recommended.
20062,43027843,17/08/2015,2609785,João,"Localização perfeita, excelentes condições de habitação com tecnologia e bom Wi-Fi.<br/>Uma excelente Padaria no r/C e uma série de bons e excelentes  restaurantes, bares e galerias. <br/>Um excelente Anfitrião porque ausente, mas presente, sempre...<br/>Absolutamente a repetir ."
20062,44026657,23/08/2015,7915676,Chris,"I had such a great time staying at Sergio's place in Palermo. It's the perfect location for an American tourist to live in while visiting BA. The apartment was great, clean, and has spectacular views. "
20062,44430558,26/08/2015,18884036,Timothy,We stayed for three nights in August. The apartment is very nice and Sergio was very accommodating of our late check in and early check out. There is also a binder full of restaurant/bar suggestions for Buenos Aires and a number of guide books scattered around the apartment which were helpful. We would definitely recommend staying here. 
20062,44786770,29/08/2015,29534348,Steve,"The apartment was fantastic! Beautiful views, an amazing location and neighborhood. Located on top of a great beer bar and an awesome cafe & bakery. We had a great time in Sergio's beautiful apartment.<br/>When we arrived Mariano gave us a great tour and explained the area to us in great detail. (Very Helpful!) <br/>Had a great time in Palermo thanks in part to this amazing apartment.<br/>Cheers!"
20062,46726786,13/09/2015,38466723,Allie,Sergio was great! The place was beautiful and he was super helpful whenever we needed help with something. He helped us exchange our US dollars into pesos and made our stay very welcoming. The photos are very accurate as to the look of the apartment. I definitely recommend the apartment and Sergio!
100080,241503477,09/03/2018,163342943,Fabrizio Alessandro,"Excelente ubicación. Espacio amplio, cómodo e independiente. Laura responde oportuna y cordialmente todas las dudas y consultas que se le hacen."
100080,248414536,31/03/2018,174001764,Rodolfo Nicolas,Excelente todo!
100080,252409328,10/04/2018,101208072,Rigson,"Localização do espaço boa, mas o espaço não estava bem cuidado e falto um pouco de zelo para 4 hóspedes que ficariam 10 dias."
100080,281161359,24/06/2018,173420877,Vanesa,"Excelente ubicación, precio accesible, muy buena atención"
100080,288763348,10/07/2018,158624120,Ezequiel,"Todo excelente, la ubicacion, el lugar, todo por ahi algunos detalles menores, pero lo recomiendo sin dudas"
100080,292685788,18/07/2018,169778788,Paulo Gonzalo Misael,Todo en orden. Recomendable. Muy buena ubicación. Confortable. Todo lo necesario.
100080,299762747,31/07/2018,73843665,Marta,"Muy bien ubicado, recomiendo"
100080,311137274,20/08/2018,207787553,Alberto,"Excelente ubicación. Anfitriona disponible. Departamento cuenta con todo lo que publica, Iluminado y ventilado. Lo recomiendo."
100080,322242664,12/09/2018,205705514,Laura,Excelente ubicación
100080,335973663,13/10/2018,191714703,Nohemi,"Evaluó muy mal tanto el departamento de Laura como la actitud de ella, le  pedimos  el favor de guardar maletas por unas horas y dijo que era imposible, le comentamos  que el vuelo estaba retrasado y dijo que no podíamos entrar hasta el día siguiente, eso incurrirá dormir en el aeropuerto, le duplique y me dejó las llaves con la administradora por 20 dólares de más.... Y esas camas son para niños, eramos 2 personas y las camas eras de 90 centímetros de anchas y sonaban horrible... Hay muchos apartamentos al mismo valor pero de calidad humana y con anfitriones cálidos y generosos... Nos saco a las 10 a.m y no entendió que el vuela 6 pm... 8 horas con maletas en la calle.... Por favor turista.... No recomiendo ni el sitio, ni el apartamento ni la actitud de la anfitriona."
100080,448829764,05/05/2019,83147173,Diego,"Lugar inmejorable en cuanto a ubicación. Con todo lo descrito perfectamente, no faltó de nada. Todo genial en cuanto a indicaciones y normas del apartamento.<br/>Muy recomendable"
100080,471913186,18/06/2019,81899848,Rossy,"Ubicación excelente, apartamento muy cómodo, limpio, igual que en las fotos. Dormitorio con dos camas individuales y dos sofá camas individuales en el living."
100080,498883154,30/07/2019,102742593,Roxana,"Excelente ubicación, muy confortable el dpto,  y muy agradable Laura!!!"
100080,1.01883E+18,06/11/2023,366642197,Jimena,Buena ubicación y Laura muy amable
100080,1.0239E+18,13/11/2023,542382965,Laura,"El trato fue excelente y oportuno. El apartamento, acogedor y muy limpio, con todo lo necesario para la ocasión. Y la ubicación excelente: teatros, gastronomía, subte, a pasos de la Av. 9 de Julio. Muy recomendable. Esperamos volver."
100080,1.0391E+18,04/12/2023,156557227,Ariel,"Mi vuelo se demoró de forma excesiva por tormentas eléctricas en Buenos Aires. Se terminó retrasando más de 3 horas. De toda esto informé a Laura desde que llegué al aeropuerto, desde las 5 de la tarde. Varias veces me dijo que me esperaría en el departamento, sin mostrar inconvenientes.<br/>Pude obtener mis maletas después de medianoche. Informé a Laura que había pedido un taxi y que, por la larga espera, demoraría 40 minutos. Me llamó y me dijo que no podía esperar tanto, que tomara un auto de la calle, me fuera al departamento y, luego, regresara por mi familia. Le dije que le pagaría el transporte para que se regresara a su casa. Me dijo que ""el problema no era el dinero, sino la hora""...<br/>Al llegar, después de mostrarme el departamento, me hizo un cobro de 20 USD, por ""Late check in""...esto aparte de que no se lee en ningún lado de su anuncio (sobre el cobro), jamás me lo comentó por teléfono. Además, está prohibido hacer cobros fuera de la plataforma. Ya presenté mi queja a AirBNB."
100080,1.09064E+18,13/02/2024,72377584,Christian Luis,Laura fue una persona muy amable en todo momento se preocupó por que no sintamos cómodos y nos hizo muy fácil el checking y el check out
104343,767332,06/12/2011,1320737,Daniel,"Great small apartment within the cool Faena Hotel. Good, practical layout with complete Kitchen. 
<br/>You are basically renting a hotel junior suite that is owned by an individual at a discount to the hotel pricing. Includes full use of hotel amenities - when I was there they offered free yoga classes etc. 
<br/>Only drawback is that hotel cleaning service is not included and the hotel overcharges the residents for this service."
104343,787594,16/12/2011,1036185,William,The host canceled my reservation 10 days before arrival.
104343,892532,30/01/2012,1628755,Christine,"Brigitte was amazing, she was very interactive and made sure everything was taken care of, she was kind enough to send follow up emails during our stay and made sure that the Management company took great care of us and they did :)
<br/>
<br/>I will definitely rent from her again :)
<br/>
<br/>"
104343,11230199,25/03/2014,13045904,Julie,This place was absolutely perfect. Brigitte was so helpful and responded to our every need. She was an amazing host. The place was extremely clean with beautiful furnishings and set in the fantastic Faena Hotel. The service and amenities were a dream. I would most definitely stay there again. It couldn't have been a better vacation. Thanks again!
104343,16799879,02/08/2014,10986152,Maria,"Brigitte was super helpful in assisting me before my travel to Buenos Aires - she gave me advice on how to get to the apartment, which taxi to take, etc. The apartment was very clean and very well equipped. It's very well designed and in a lovely hotel complex, with access to the hotel gym and sauna, free of charge. 
<br/>She checked in with me regularly to ensure that my stay was going well and was the ideal hostess. I would definitely recommend staying at this apartment in a great area of Buenos Aires. "
104343,22412601,05/11/2014,7573775,Brandon,"The room Daza provided was being incredible.  Bedding, couches, decor, bathroom.... super confortable modern and WITH A VIEW of the water in Puerto Madero.  Private concierge, incredible pool and bar downstairs.  Incredible value. I was blown away.
<br/>------------
<br/>La pieza q Daza me aquilo era increible.  La cama, las sofas, el decor y el bano espaectacular .... re comodo moderno y con vista de la agua de Puerto Madero.  Tenia concierge privado, pileta increible y un bar de lujo abajo.  Re barato por lo q recibi. "
104343,23796618,10/12/2014,23350653,Britie,"Brigitte was an exceptional host. She was available the entire trip not only for questions regarding the room, but questions about the city, neighborhood restaurants, nightlife, exchanging money etc.
<br/>
<br/>On top of this, the apartment was stunning and extremely well kept with all the amenities you could need (including Netflix!). our favorite part was the pool and restaurants within the hotel. Would without a doubt stay here again. thanks Brigitte!"
104343,24323660,26/12/2014,14363027,Chelsea,Bridgette was a concerned and helpful host - always available to help us with everything! Her home is absolutely perfect. It is placed in a great area of the city and easy to walk around. We had our baby with us and she was able to swim in the pool and play on the grass and swing set placed at the hotel. The staff at the Faena also helped make our stay really easy making great reservations. Best way to enjoy this awesome hotel!
104343,24428981,28/12/2014,911501,Lauren & Nam,Brigette was the most kind and gracious host we've come across. Very responsive and easily accessible and the front desk team was always willing to help. It's a super seamless hotel and private residence experience we've had in this type of property. The room was large and very luxurious and met all our expectations. Every time we're back in Buenos Aires we will always stay at Brigette's place.
104343,25004448,05/01/2015,19645265,Adrian,"Vielen Dank, Brigitte - wir hatten einen fantastischen Aufenthalt in Deiner Suite! 
<br/>
<br/>Brigitte hat uns super auf den Aufenthalt vorbereitet (Wechsel von USD zum attraktiven Dolar Blue in Pesos, Maid Service, etc.). Aber auch der Aufenthalt selbst hat unsere Erwartungen übertroffen: grosse, sehr geschmacksvoll und im Philippe Starck-Style dekorierte Wohnung - es hat an wirklich nichts gefehlt! Alles hat wunderbar funktioniert und wir kommen gerne wieder.  
<br/>
<br/>HIGHLY recommended!"
104343,25239888,10/01/2015,9931428,Joseph,"One of the best places I've ever stayed. And this condo is in the Faena, one of the best hotels in Buenos Aires, if not all of Latin America. I would stay here again and again. Brigette made us feel welcomed and her place is - fabulous! Thanks!"
104343,26391868,11/02/2015,2503030,Gabriela,"La suite de Brigitte es absolutamente excepcional!! incluso destaca entre las opciones que el hotel puede ofrecer. Bella, espaciosa, cómoda, con una decoración muy cuidada y que invita a la relajación, y con todo lo necesario para una estadía inolvidable, tanto de corto como de largo plazo.
<br/>Brigitte es una excelente anfitriona, pendiente de todos los detalles, y manteniendo una fluida comunicacion en caso de necesidad. El barrio es muy tranquilo y seguro.
<br/>Definitivamente recomendable. "
104343,26696179,17/02/2015,2949190,Sonny,"This was my first AirBNB experience, and Brigitte made it amazing!  Her home was incredible, and the staff/concierge were extremely helpful.  The residence is everything you expect it to be, and thoughtful touches / amenities everywhere.  Brigitte herself was extremely prompt, helpful, and nice- I would probably only stay here on a return trip.  Everything was perfect, and went off without a single hitch."
104343,26942632,22/02/2015,1857330,Juan Esteban,"We had such a wonderful experience at Brigitte's place . Faena is one of the best hotels in BA (if not the best) and the residence shows that in every detail: from the wall to wall marble in the bathroom to the way the staffs pampers you. Brigitte arranged thoughtfully all the details in advance about our stay and was available for any doubts at all moments. The quality/price ratio is definitely unbeatable . Oh, and Puerto Madero neighborhood is just the HOT SPOT now in Buenos Aires. Definitely we'll be booking again Brigitte's whenever visiting Buenos Aires."
104343,27639081,09/03/2015,1542303,Ian,Great place to stay would go back here if ever in BA clean comfortable and use of the hotel highly recommend it
104343,27791562,12/03/2015,1542303,Ian,This is the third time I have stayed here the apt is perfect I used all the facility's in hotel but with the benefits of having a nice big clean comfortable space brigitte was so helpfull and easy to communicate with I highly recommend staying here will be back next year 
104343,29548611,09/04/2015,27008981,Daniel,"Brigitte is simply the best. Her suite is immaculate and her ability to host is uncanny. She made us feel very welcome and set us up with everything we needed. I can honestly say this was the best vacation my girlfriend and I have ever taken. 
<br/>
<br/>Her suite is located in the best neighborhood of Buenos Aires (Puerto Madero), which is safe a beautiful. It was easy to get around and see the rest of the city. 
<br/>
<br/>Buenos Aires is amazing, as is Brigitte's suite. We will definitely be back again. "
104343,29926945,14/04/2015,8566883,Shawn,"What a amazing experience Brigitte left me, on my holiday to Buenos Aires. This was only my second time using Airbnb. My first experience was not so memorable, everything that could go wrong did. So when I decided to try again on my trip. I was more careful in my demands. Being a airbnb host myself. I expect the best. I feel Brigitte home exceeded all my expectations. Not only was I staying in one of the Top hotels in Buenos Aires. I had full access to all of the Faena Hotel. I was able to order room service 24hrs. After a late night in the city this was an amazing luxury. I also enjoyed the huge gym , pool and all the Restaurants. I even went to see the famous Red Tango show. Located in the hotel. During check in I was asked to leave my credit card info. All was charged at the end of my stay. The concierge sits with you and goes through the bill. All was perfect. Food, spa treatments, drinks and tango show is your responsibility. I love the fact residents concierge was just a phone call away for all my ne..."
104343,31296636,04/05/2015,27448856,Nusara,"Faena was a great escape from busy downtown. Dazza was a wonderful hostess. Her suite was absolutely gorgeous with a breathtaking view of the water. Max at concierge was outstanding in accommodating us in everything we needed from where to dine, nightlife and shopping. He made great recommendations. Dazza was easy to reach. She was extremely prompt in answering all our questions. Thank you for making our experience in buenos aires unforgettable.  "
104343,35669325,21/06/2015,349399,Linda,"She was not physically there, but it felt as if she was. She was attentive to all details.
<br/>"
104343,40457871,31/07/2015,23627597,Sebastian,Great service!!  Excellent apartment. All work perfect!!  Thanks again 
104343,40886102,03/08/2015,27097403,Marina,Excelente suite!!! Muy amable el personal del hotel.  Estadía maravillosa. Hermosa vista
104343,46988405,14/09/2015,5855235,Diego,Todo perfecto impecable. Brigitte se porto de 10. El lugar increíble. La atención fue espectacular. También lo recomendare en tripadvisor. Muchas gracias y volveré pronto 
104343,49845857,06/10/2015,45229712,Rainer,"Brigitte is a great host! Beautiful suite at the famous Faen. Big savings compared to their regular room rates. Fully equipped, nothing was missing. Highly recommended! Will stay again!"
104343,54411229,19/11/2015,5855235,Diego,"todo perfecto como siempre, sin duda volveré!!!"
104343,54591880,22/11/2015,11782128,Ce,"Thank you very much for the great hospitality, we had such an amazing time and i'm in love with your apartment !!  thanks again 5 * "
104343,55127088,28/11/2015,27608340,Jue,"Brigitte's place is better than any 5 star hotels in the US! It feels like a suit in a traditional high-end hotel in Europe. And you get to enjoy all the facilities such as the steam room and the swimming pool from the hotel.  The concierge is really helpful and nice too! Speaking about Brigitte, she is the most helpful and nice host ever in airbnb! She give you the most detailed directions and prepared you with wine and chocolate at the apartment. Easy to reach as well! Strongly recommend!!  "
104343,57298783,24/12/2015,8210631,Nigel,"Brigitte was the perfect host. Really clear instructions before arrival and great communication throughout.
<br/>The apartment at the Faena Hotel was a home from home. There was real attention to detail  in order to make us feel welcome and you could tell it was a home that was loved. It was wonderful to have access to all the hotel facilities like the pool and room service while having the flexibility of an apartment. The staff were friendly yet professional. The pictures match the reality and we would love to return again. That's the best recommendation."
20062,47540507,20/09/2015,4986647,Luke,"Exceptional apartment that elevated my experience of B.A. It was very clean, comfortable and well equipt. The only bad thing about it was my friend and I had to leave it each day to go exploring the city :) 
<br/>
<br/>Sergio was very professional ensuring no delays for key handover meaning a seamless arrival with minimal disruption after long travel. Lots of local info provided, and always in contact if needed/reliable.
<br/>
<br/>The positioning of the apartment is second to none- very very close to 3 top recommended bars in town, lots of cafes and restaurants meaning it was a great base to explore but also feel part of the area for local experience.
<br/>
<br/>"
20062,47789333,21/09/2015,18138440,Gabriela,The best place I could ever pick the location is blocks away from plaza Serrano on your way to it you have a lot of very cute restaurants also clubs are around the corner too and next door is a bakery also a beer pub !! Can't go wrong Sergio was very nice and helpful too he recommended a couple of places and in his apartment he have a folder with all the things that you may need including 24 hours pharmacy hospitals Togo restaurants we love the place we definitely going back !!!!!   
20062,48325421,25/09/2015,31425456,Hugo M. Pesa Y Cia S.R.L.,La experiencia fue excelente . Muy buen dpto y muy buena la atención . Totalmente recomendable . Gracias<br/>
20062,50913388,16/10/2015,334095,Alec,"We loved this apartment and the Palermo area it is in.  The apartment is modern with all of the mod-cons.  Beautifully appointed with a full kitchen and beautiful bath, living area, and balconies (incl hot tub) overlooking the city.
<br/>Palermo is full of cool cafes and shops - you'd have to spend weeks or months just to try them all.  Beyond Palermo we tended to walk everywhere, though we did catch Subte some days (beware that Subte stops at 11pm which is weird for a city where people don't eat dinner till 10 or 11 pm).  Sergio was super helpful - emailing beforehand and answering all emails promptly.  Although he wasn't in BA when we stayed, he arranged for a friend (Mariano) to meet us - he too was super helpful.  They helped with exchanging USD both when we arrived as well as later in our stay.  The apartment also has a laundry (if you don't want to use a service in the neighbourhood) - which was also great.. there is a mini-market a block away for necessities.
<br/>
<br/>We can't recommend this apart..."
20062,51694313,24/10/2015,23545424,David,Sergio's penthouse was amazing! From the views to the neighborhood. I couldn't of chosen a better property. Everything you need to know about the area and building is written down for you. Sergio was out of town but his friend Mariano checked me in and showed me everything I needed to know. Everything went very smooth and communication with Sergio couldn't of been better. I hope to return. Friendly doorman too! 
20062,52572484,31/10/2015,4634024,Jan,I had a terrific stay at Sergio's place. It's great apartment in a perfect location. Sergio was a fantastic host who made sure that everything went smooth with our stay. Thanks again! I can definitely recommend this place for your stay in Buenos Aires.
20062,53971836,15/11/2015,44880737,Courtney,"Sergio made my group feel very welcome. We had an easy and smooth check-in process once we arrived in Buenos Aires. The apartment has fantastic views of the city from its terrace. The inside was spacious and comfortable for our group of 4! 
<br/>
<br/>I would highly recommend this apartment to anyone visiting Buenos Aires. "
20062,54496710,21/11/2015,32255987,Rebecca,"This was the first time I have booked accommodation through Airbnb and to be honest I was a little nervous. However dealing with Sergio and being welcomed to his amazing Penthouse put all my concerns to rest. 
<br/>The apartment if possible was even better than it looked in the pictures, everything was spotless and very well set up for everything we needed for our stay.
<br/>The location was outstanding and walking distance to numerous bars and restaurants. The boutique beer bar downstairs was a hit with my husband and we became big fans of pastries from the corner cafe.
<br/>Sergio made us feel very welcome and was on hand when needed to help us with any questions we had.
<br/>Don't hesitate to book if you are looking for a stunning place to stay with breathtaking views of the city. You won't be disappointed.
<br/>Rebecca - Sydney"
20062,61017671,31/01/2016,25430451,Eckhard,"Sergio's picture reflects his personality exactly: friendly and fun, but serious about providing excellent accommodation. He spent a good deal of time with us right from the start, orienting us to the unit and the neighbourhood.  We stayed for two months and would be hard-pressed to find a more comfortable unit, a better view, or a better Buenos Airean neighbourhood.  Everything fell into place for us.  Even the porter/building manager Julio is the kindest guy around.  Any issue we had, he dealt with asap.  The best panaderia in town is next door.  "
20062,61417363,04/02/2016,2313741,Daniel,"We loved the apartment and neighborhood. Sergio was a great host. Even though we did not meet him in person , he responded graciously to our questions and was always available and prompt. I would recommend this apartment to anyone wanting to be in the Palermo district. "
20062,61757690,08/02/2016,50285163,Richard,"Beautifully-furnished apartment with absolutely stunning views across Buenos Aires.  Although Sergio couldn't receive us personally, we were received by the lovely Silvia who was waiting in the apartment when we arrived.  Excellent boutique cafés and restaurants below the apartment and plenty others within a couple of blocks.  We will definitely be in touch again next time we visit the city!"
20062,62332105,14/02/2016,40425486,Gabi,"We loved this beautiful apartment! You can find everything what is needed to make your stay comfortable. The area around the apartment is fantastic. A lot of restaurants, bars and shops. It is the best place to stay in Buenos Aires. The apartment has wonderful views around the city. It was hot (close to 40 degrees) during our stay in BA but the air condition makes it feels good and relaxed. The doorman from the apartment building was very friendly. The kitchen is very well equipt, the balconies are amazing. You can enjoy the souround views over the city while your are lying in bed. We defenitly would book this apartment again! Thank you, Sergio :-) "
20062,62970697,19/02/2016,4678225,Nick,"It was a great privilege to stay at Sergio's amazing apartment. The reception was perfect, the city view and stylish environment exceptional. We loved the neighbourhood and will miss Buenos Aires.  If we ever return we would love to stay there again."
20062,63322445,22/02/2016,11072210,Marco,"We loved to stay at Sergio's place, we had an amazig time.<br/>The appartment wes extremely clean, nice and looked like in the pictures.<br/>We will stay again at his place in a week from now and can only recommend it."
20062,64199782,01/03/2016,48865507,Juan,Sergio was welcoming. Everything on the description was accurate. My friends and I loved Sergio's apartment. The neighborhood was quiet and friendly. Everything was within walking distance. 
20062,67815503,31/03/2016,33934619,Russell,"My wife and I have just returned from our trip to Argentina and we already miss BA and this wonderful duplex apartment.  The space is exactly as pictured in Sergio's AirBnB listing.  The main floor has the living space, a terrace which overlooks a view of Palermo Hollywood, a half bath, and a small but workable kitchen.  The bedrooms are on the upper floor. The master bedroom shares the same view as the main floor. It opens out onto a terrace with an outdoor shower.  The second bedroom is smaller and doesn't have a view or a terrace.  Since it was just the 2 of us, we used the second bedroom to store our luggage and    cold weather gear for a brief trip to Patagonia.  The space suited us perfectly.  Throughout our month-long stay, we continually talked about how lucky we were to have rented the apartment.  
<br/>
<br/>We love the neighborhood. The building's location is in the heart of Palermo Hollywood, and it's a short walk to Palermo Soho.  There is a wonderful bakery/coffee bar downstairs, and no short..."
20062,68300245,04/04/2016,39293897,Roveda,"Gostamos muito. Lugar extremamente agradável, bairro muito gostoso com vários restaurantes perto e o atendimento do Sérgio impecável"
20062,70239565,17/04/2016,27870516,Trevor,Outstanding location and amazing place
20062,71700344,27/04/2016,2108926,Rachel And Timo Steve,"Very nice condo in a great part of town with everything very easy to access! would definitely stay again. One bedroom is clearly superior to the other however with views, patio, etc. Something to consider if staying with friends but does not mean the place isn't very nice anyways!"
20062,72153296,01/05/2016,32226367,Danny,Sergio nos recebeu muito bem e nos deu dicas muito legais! Foi muito atencioso. O bairro é um dos melhores que tem em Buenos Aires. Com muitos restaurantes e bares. 
20062,73025764,06/05/2016,32226367,Danny,Excelente! 
20062,74292314,14/05/2016,23168964,Sally,"Very clean apartment, just a short taxi ride away from tourist spots! Two gluten free restaurants within walking distance. Lovely place to stay!"
20062,75975178,23/05/2016,48640385,Vivian,"Nice apartment with great location, clean and modern design. The restaurant Sergio recommended is fantastic! "
20062,77214763,30/05/2016,51923856,Juliana,"Nossa estadia no apartamento foi incrível. Ele é simplesmente idêntico ao a foto, ou seja, lindo, extremamente bem decorado, dono de uma vista incrível, com todos os itens de cozinha/cama/banho necessários. Acredito que seja o melhor bairro de Buenos Aires, com muitos restaurantes e bares.  Além disso, o Sergio e sua esposa são gentis e prepararam uma pasta com muitas referências de cada bairro, dicas de locais e passeios. Foi excelente! Recomendo"
20062,78637104,08/06/2016,44232508,Dimitri,Stunning apartment in a great neighborhood. Loved the views from all rooms and you must check out the rooftop as well. Super clean and with all the amenities you need. Sergio was excellent in his communication too and assisted us with any questions we had. Definitely would stay there again. 
20062,85646994,12/07/2016,52984332,Grace,"El apartamento esta muy bien ubicado,muchos restaurantes alrededor, un supermercado,cerca de la estacion del subte, este te ayudara a acercarte a los lugares turisticos para conocer buenos aires.<br/>El apartamento cumplio mi expectativa, un lugar muy comodo,agradable,es muy limpio y seguro. Cuando vuelva a buenos aires no dudare en contactar a sergio. El apto y la ciudad de buenos aires la recomiendo 100%."
20062,87234925,19/07/2016,48848544,Marcelo,Great house in awesome location with panoramic views of the city from pretty much every room. This is where you want to stay when in Buenos Aires. Thank you Sergio for being a great host!
20062,90058315,31/07/2016,42449087,Eddie,"Sergio was a great host and made himself available whenever we needed him. The place was great and located in one of the best and most hip areas of Buenos Aires (Palermo Hollywood). Most bars and clubs worth going out to are in this area, just a couple of blocks away from the apartment. Greatly recommend!"
20062,93176014,11/08/2016,2557167,Eric,Excellent apartment in a great location. Sergio was extremely responsive and welcoming. The apartment was gorgeous. Highly recommended!
20062,95491114,20/08/2016,77396891,Lynne,"A great apartment in a good location.  It is very clean & modern, everything you need for a comfortable stay away from home. More bath towels would have been nice, we had 4 towels between 3 adults for 6 days.  Be careful with the washing machine too, it doesn't dissolve the washing powder.<br/>Thanks for accommodating us Sergio, next time we are in your area we will definitely be staying here again.<br/>"
20062,97224936,26/08/2016,38589738,David,"Perfect place, host and location. Everything ran like clockwork. Such a professional operation and enjoyable place to stay. Gracias!!"
20062,99785268,05/09/2016,30445938,Victor,EXCELLENT localization and apartament!
20062,100662958,10/09/2016,25169176,Travis,Sergio was a great host! My stay was comfortable and pleasant. I would highly recommend.
20062,102268961,17/09/2016,31619350,Frank,"Sergio was an excellent host, he communicated very well and even had someone at the apartment to show us everything at check in.  He even allowed us a late check out given our flight was later in the day.  I would absolutely stay here again."
20062,103267566,21/09/2016,13797041,Rhy,Sergio's Penthouse is an amazing apartment in a fantastic location. Sergio was great to deal with and I would highly recommend staying here
20062,107939256,13/10/2016,5262851,Fabrício,Foi Excelente a estadia! Uma localização privilegiada dentro do Palermo! O apartamento em si até supera as expectativas quando se comparado as fotos e descrição!!! Recomendo a todos!!!Tudo exatamente como combinado! Obrigado Sergio!
20062,110473287,26/10/2016,18080019,Laura,Easy to book. Sergio was very accommodating and responsive to questions. The apartment is in a great location with loads of bars a restaurants and a great bakery downstairs. The layout of the apartment is ideal and it has good views. I would recommend if staying in the city. 
20062,111950362,02/11/2016,50019247,Barbara,Sergio helped us organise a driver from the airport and the doorman was there to greet us and show is around. <br/>The apartment is in a great area with heaps of bars and restaurants. It has a nice balcony to hang out in and is very nice. <br/>Sergio leaves a folder with recommendations and services around the area. <br/>Lovely place and great host. Recommended!
20062,112288279,05/11/2016,18847191,Eleana,"We loved this apartment!!!!<br/>The area is beautiful and safe.  Restaurants are at walking distance and the view from the deck is beautiful.  The host,  sergio, thought of everything and had everything available for us when we got there. I can't wait to go back!!! Argentina is beautiful!!"
20062,114019260,15/11/2016,84867779,Mark,Was a comfortable stay located in a great location. Sergio's assistant was there for our arrival and walked us through explaining the features...very helpful. Good value in Palermo Hollywood. 
20062,116199638,28/11/2016,45574705,Louis,"Ce duplex est très agréable et situé dans un quartier vivant et à la mode, Palermo Hollywood. Il est parfait pour 4 personnes, et Sergio est très disponible pour conseiller."
20062,117206741,05/12/2016,21985628,Hunter,"Sergio was a fantastic host and the condo/apt is absolutely wonderful in all aspects such as location, security, cleanliness, views, etc. I would highly recommend staying here.  "
20062,120706435,11/12/2016,5237827,Kit,We had a great time in Palermo staying at Sergio's place. The panaderia and the cafe across the street were both excellent as was the brewery. Really appreciated the air conditioning and blackout curtains because the sun was quite hot blasting in the morning. Took a lovely bath in the tub on the balcony after walking around all day while the family went for a dip in the small rooftop pool.
20062,122288580,22/12/2016,98706645,Maureen,Nice quiet safe neighbourhood 
20062,122877680,26/12/2016,1147307,Natalja,"Sergio's place is in a great location. The view from the balcony is unbelievable. Everything as described. The only thing we missed was a better equipped kitchen, it was difficult to cook dinner as only basics were available and we had to buy all spices etc. However, we left some of it there, so maybe the next renters can use it :)"
20062,130077179,04/02/2017,64839072,Chad,Very nice. Located near lots of bars and restaurants.  Just like the pictures.  Was clean and great for the price. Would recommend place to anyone!
20062,130805964,08/02/2017,28977019,Marion,"Sergio's flat was wonderful. Clean, comfortable and well equipped. Sergio left a lot of details to aid our stay. We met him on our arrival and he very kindly treated us to breakfast in the lovely cafe next door!  A great few days to finish our S.American experience. "
20062,134840431,01/03/2017,102622676,Isabela,"Tive minha primeira experiência no airbnb com o apartamento do Sergio. Gostei muito da estadia, amei o apartamento e a localização, com ótimos restaurantes e padarias próximos. A internet funcionou super bem e o ar-condicionado foi fundamental para o calorão que encontramos em Buenos Aires. Valeu super à pena!"
20062,135589097,05/03/2017,17880350,Lior,The apartment is in a very nice modern building in a great part of the city. The subway is about 7 minute walk. Many wonderful bars and restaurants within a short walking distance. For those like us that enjoy working out even while on vacation there is a great modern gym nearby within a couple of blocks. 
20062,136391854,10/03/2017,61864003,Bryan,Sergios place is great. Very nice views and lots of restaraunts nearby.
20062,137994144,18/03/2017,31747479,Eric,Ideal location in a great neighborhood. <br/>The bakery downstairs one door over is stellar. Highly recommend the empanadas for breakfast. 
20062,138949409,22/03/2017,4231716,Michael,"Can't imagine a better place to stay. Unbelievable duplex with great views and easy check in, check out. "
20062,140034205,27/03/2017,7250754,Loan,"Dear Mr. Sergio,                                                   I greatly appreciate your kindness and everything you have done to help my trip more comfortable and more interesting.I really like your apartment that close to restaurant, bakery shop, grocery store,... and the most important thing is the safety. I greatly appreciate the guy who you sent to your apartment to show us how to operate everything in your place. Once again I want to to say thank you very much for your help.                                                              Loan Nguyen."
20062,140732537,31/03/2017,110795414,Laura,Great place to stay! Me and my 2 girlfriends thoroughly enjoyed our stay at Sergio's place in BA. The neighborhood is hip and fun with many restaurants and bars. Would highly recommend staying here!
20062,142506313,08/04/2017,3962310,Jack,The apartment was very comfortable and seemed even bigger since it is two stories. It is well stocked and nicely decorated. The view from the balconies is great. Sergio was very easy to work with and check in and check out were a snap. The neighborhood is full of great restaurants and bars. It is an easy 10 or 15 minute walk to the subway station or hop on hop off bus.
20062,144069008,14/04/2017,101970368,Lisa,"Sergio's apartment was really beautiful. We were two young girls travelling round South America alone so safety was a key issue for us and of course some luxury after we had just come from the Amazon in Peru! In terms of location and comfort, you really won't get any better than this and there are so many shops and bars around to keep you occupied at any time of day. <br/>We had a slight issue with taxi money on the way from the airport as all of the case machines were empty and we couldn't pay the driver (we understand that Argentinians withdraw cash on Fridays and the ATMs run out so with our arrival on a Sunday we were pretty stuck) but fortunately Sergio's friend Mariano  came to the rescue and very kindly paid our taxi on arrival. This was of course not expected or required but was a kind gesture, for which we were so grateful. If you are coming to BA, you must stay here. The check in and check out process was also very straightforward and the views from the balcony....well there were absolutely incre..."
20062,145514717,18/04/2017,71071115,Patrick,"What an awesome stay, central, clean with great views of the city. Trying sleeping with the curtains open in the main bedroom."
20062,149112556,02/05/2017,11345178,Lewis,Excellent stay. Attentive host. Incredible place.
20062,151907698,14/05/2017,71850461,Joshua,"Very comfortable condo with amazing views. Worth the $$, would stay again.  "
20062,153706391,21/05/2017,44047951,Agustin,El apartamento es realmente hermoso. Muy cómodo y el entorno es ideal. Excelente en todo sentido lo recomiendo al 100 por 100.<br/>
20062,155459145,28/05/2017,32994899,Christopher,"Great location, beautiful apartment, and accommodating host. Highly recommend.   "
20062,158174635,05/06/2017,34482313,Adrienne,Sergio was great and really easy to deal with. The apartment is in a good area. It was handy to have the bakery and bar just downstairs. The master bedroom has awesome views although second bedroom is quite small and dark. The water pressure in the shower is very low and the toilets didn't flush well. Otherwise we really enjoyed our stay.
20062,159700901,11/06/2017,98373485,Sergio,"Un posto bellissimo nel quartiere modaiolo di Palermo, con tanta vita sia di giorno che di notte. L'appartamento su due piani, arredato modernamente e con due camere al piano superiore, offre una vista incantevole su Buenos Aires  senza essere rumoroso. Al piano superiore anche una piccola piscina, sicuramente piacevolissima d'estate.  Tutto intorno all'edifico c'é tutto quello che puó servire in vacanza, dal panificio, al supermercato, al fruttivendolo ed alla birreria appena sotto casa, fino a locali e negozi di tutti i generi nelle immediate vicinanze. A pochi minuti ci sono Plaza Italia e i favolosi giardini di Buenos Aires, con il metro o con il taxi si raggiunge velocemente il centro.<br/>Consigliatissimo!"
20062,163409148,24/06/2017,120009296,Ariel,Vale la pena 100% 
20062,166813739,04/07/2017,19048325,John,Sergio's place is the nicest Airbnb apartment I have stayed in. Phenomenal view of the city. Walking distance from a bunch of good restaurants and cafes. Communication with Sergio was easy before hand. Would definitely recommend. 
20062,172053165,19/07/2017,40351261,Rob,"Very nice place to stay, in a safe location in Buenos Aires."
20062,174196504,25/07/2017,58061216,Sasha,"Nice place, good location."
20062,176714740,31/07/2017,10774512,Martin,Really good host.
20062,180904357,11/08/2017,44369454,Jesse,Lovely place.   Will stay again.
20062,182408548,14/08/2017,67520742,Zachary,"Sergio's place is great.  It was spacious, clean and well appointed.  The location is great and makes a perfect base to explore the city."
20062,184904732,20/08/2017,17014337,Marco,Very nice place.
20062,190814403,05/09/2017,123487646,Bridget,"Our stay was very enjoyable, we loved the views out over the city especially at night time.<br/>Sergio was very pleasant and easy to deal with.<br/>We loved that there were plenty of restaurants nearby that offered a good choice of different cuisines.<br/>The property itself was perfect for our requirements, very secure with a police presence in the area.<br/>I would be more than happy to return in the future."
20062,192023470,09/09/2017,33059439,Michael,"Sergio was fantastic.   I had flight cancellations arriving and departing, and he was extremely flexible and patient with my constantly changing travel plans.  On top of that, the apartment was beautiful, super clean, and in a great neighbourhood for walking to restaurants, bars, and shops.  I'd highly recommend staying here and with Sergio as your host."
20062,197287985,25/09/2017,11529659,Debora,"Apartamento fantástico como anunciado. Camas confortáveis, limpo e vista espetacular. Localização perfeita, restaurantes deliciosos, padarias na mesma rua. Comunicação com o Sérgio foi muito boa e tranquila. Adoramos. Obrigada por tudo Sérgio!"
20062,200203790,04/10/2017,110433446,Augusta,"Very good location, great apartment, excellent host."
20062,201583004,08/10/2017,105259867,Tess,Fantastic location and fabulous apartment. Perfect for 2 couples or a family.
20062,204517969,18/10/2017,36575480,Bianca,Great place in an amazing location. I felt very safe in Sergio's place and we were very close to a bunch of great restaurants.
20062,208885761,03/11/2017,144313625,Timo,"Schönes Appartment in schönem und sicheren Stadtteil von BA. Perfekt geeignet um von dort aus ein paar Tage die Stadt zu genießen. Super Ausblick auf die Stadt, sogar direkt vom Bett aus. Absolut sicher durch Hauswart. Gepäckaufbewahrung am Abflugtag hat problemlos geklappt. Sehr zu empfehlen."
20062,209558783,05/11/2017,1505430,Mauro,100% recomendable para 2 parejas
20062,211604859,13/11/2017,973995,Ali,As the pictures...great neighborhood...recommend this place to others for sure
20062,213297594,20/11/2017,2141407,David,"I would come back to this apartment on a future visit to BA in a heartbeat. The location was great: just stroll down Goritti street for a huge number of bars/restaurants/cool stores, etc. There is also a great bakery right next door—and a gelato store across the street.<br/>The apartment itself was absolutely wonderful. The view is great. There is a second shower and tub on the balcony (and still private, as there are no nearby buildings tall enough to see in) which is a nice touch.<br/>Internet is reliable, but at 3MBPS down, 0.3 up, it will be slow if you need to upload any non-text based content.<br/>The building is very safe and in a calm residential neighborhood. There is also a grocery store half a block away. <br/>Serge was great and stayed in touch for the duration of the visit. We fell in love with BA, and will be back—and this is where we will stay again."
20062,213850822,23/11/2017,9382357,Ragner,"Located in Palermo Hollywood, it has great views of the city as well as nice vibe! The apartment is modern, spacious and well lit!"
20062,216338591,03/12/2017,105756346,Chris,"Sergio's place was really great, clean and in a fantastic part of town. He met me exactly when I arrived, was very communicative and helpful. There is more around here than you can probably check out in a few days, but it really is a fun neighborhood. Only good things to say!"
20062,217910664,10/12/2017,66929163,Nicole,El apartamento está excelentemente ubicado tiene mucho estilo y comodidad!
20062,218546276,13/12/2017,2695432,Nikolaus,Un departamento muy recomendable.
20062,219882843,19/12/2017,3423251,Jim,"Sergio's residence is in a really wonderful location, and it is both stylish and comfortable.  We loved the balconies for a glass of wine at night and the pool on the roof to cool down on a hot day.    Sergio was wonderful at communicating with us and ensuring everything was perfect.   Would definitely recommend!"
20062,220459100,22/12/2017,4270862,Sam,"Great host and great place. Very nice neighborhood. We walked for hours discovering new restaurants stores and buildings. Fashionable people and great architecture. Found our favorite coffee place nearby and they had amazing pastries. Would love to stay again.....also, the house is beautiful and clean. Very modern. Nice design touch. Great view of the neighborhood. A treat.<br/>If you like nice design and a clean stylish apartment then this place is for you."
20062,226024406,08/01/2018,24016881,Millie,A great place to stay. An easy walk to Plaza Serrano and the underground tube is 7 minutes walk down the sane street. You can get anywhere in the city so easily! <br/>Sergio is an incredible host. Attentive and organised and everything went absolutely smoothly. Not a glitch with any aspect. The place is great. We used the pool on rooftop and used the balcony bath daily. Loved Buenos Aires. One of the highlights was contacting Delta Unplugged ( check out their Facebook page or website or through TripAdvisor) who offer Parana Delta private tours on their boat. We got a private Taxi from the apartment all the way to Tigre and then had an amazing day in the delta. Other highlights was Plaza De Mayo on Thursday when the mothers of The Disappeared meet and march. Get out to San Telmo market too. All in all we had a fantastic time at this apartment and gave it and Sergio a full 5 stars. Thank you Sergio!
20062,230896021,29/01/2018,2121623,Alejandro,"The condo is beautiful , amazing view. Great space, it is in the middle of dozens of bars, great restaurants and close to major attractions. We found 3 great restaurants so for those looking for steak houses, we found Las cabreras, Don Julio and Las Cabras, all within walking distance...about 10-15 mins. Sergio responded quickly to our whatsapp messages withour any issues. I highly recommend this place !"
20062,234371300,12/02/2018,29127893,Leonardo,Melhor lugar para se estar em Buenos Aires: próximo dos melhores restaurantes e bares! O charme do apartamento do Sérgio faz juz ao de Palermo. Super recomendado!
20062,242847268,13/03/2018,3421343,Remi,"Sergio's appartement is prima. Het ligt centraal in Palermo, op loopafstand van metro en bussen. Veel raturants etc in de buurt.<br/>Appartement ligt op de 7e verdieping, met prachtig uitzicht. Is redelijk goed uitgerust."
20062,243601585,16/03/2018,24982917,James,"Amazing flat with brilliant views of the city.  Very smartly decorated, lovely pool on the roof, 2 big bedrooms and the host was very nice and easy to communicate with.  Highly recommended"
20062,246549099,25/03/2018,156034462,Sophie,"I would trade my apartment in NYC for Sergio's anytime. The rooms were very comfortable, airy and sunny.  It has a great unobstructed views from the living room and bedroom balconies of downtown Bs Ar. The building was very safe, lobby and individual floors very clean.  It was also very close to the Subte, centrally located to Palermo Soho, Palermo Viejo.  Many restaurants within walking distance.  I would give it 10 stars, if I could.  I highly recommend it."
20062,251232863,07/04/2018,107928982,James,"Sergios apartment was in a wonderful location.  Great restaurants and bars within walking distance of the apartment.  Also a ten minute walk to the train station that gave us easy access to the city.  The apartment was very clean, safe and secure.  Sergio was very helpful and responsive to  every need."
20062,253443497,14/04/2018,83198141,Tobias,"Super recomendado en todo sentido el lugar es excelente, la zona la mejor que conocimos en buenos aires, cerca de bares restaurants y fiesta, el departamento esta increíble todo fuciona al 100%"
20062,255741898,21/04/2018,7287616,Jacob,We loved our stay here!
20062,257827538,27/04/2018,29232105,Cameron,"Sergio's gorgeous condo is the perfect spot to stay if you're visiting Buenos Aires and want to stay in Palermo. Tons of restaurants nearby, the Subte D Line is just a 10-15 minute walk away, and the condo is absolutely beautiful. Fantastic views from both decks were the perfect backdrop while we just read books and had Malbec before a night out. Sergio is very timely with responses, and he made us feel right at home. He even had a great guidebook with stellar recommendations for where to go out to shop, eat, and drink. We hope to visit again in the future!"
20062,260079665,03/05/2018,146762536,Francisco,"O apartamento é muito bom: na parte superior são dois quartos com cama de casal e um banheiro que atende aos 2 quartos. Na parte inferior uma sala confortável e cozinha bem equipada. O Sérgio é muito atencioso, suas respostas são rápidas e o Júlio, vigia do prédio, é mais um apoio para quem está hospedado. Em relação a Palermo a localização é ótima, uma excelente padaria em frente ao prédio, bons restaurantes e supermercados próximos. Fica um pouco distante dos principais pontos turísticos de Buenos Aires como: Praça de Maio, Florida, Porto Madero, Caminito etc mas  a região é bem servida de serviço de taxi e Uber."
20062,262338533,08/05/2018,169995397,Justin,Sergio was Extremely Amazing as was His beautiful apartment ! I will definitely be returning to Argentina to his Location because he was very helpful and extremely accommodating! Thank You Sergio for everything Your Place was Amazing<br/>Close to everything in walking distance Nightlife super cheap Uber’s and supermarkets
20062,265847707,18/05/2018,3195914,Grant,A great place in a great location. Would happily stay there again.
20062,268301173,24/05/2018,125573766,Christina,"This place is amazing the views especially during sunset are incredible. I am in BA often and this have been my favorite spot! Sergio was a great host, my schedule was crazy with meetings and he accommodated me for check in and out etc. The apartment is chic, relaxing and comfortable. The neighbor is great I can’t wait to stay here next time I am back in BA!"
20062,269547961,27/05/2018,29879769,Ashley,Sergio's apartment is breath taking and very safe! The view is even more lovely in person than it looks in the pictures. The entire building is clean and centrally located. Sergio is kind and informative. He was always there to help when my family and I needed him. I would recommend his place to anyone!
20062,271849656,02/06/2018,11295160,Billy,"Sergio’s place is very hip and modern right in the heart of Palermo. Lots of shops, restaurants, and bars within a short walk. The apartment was immaculately clean and included tremendous views of the city from the terraces. Highly recommend for anyone wanting to stay in Palermo!"
20062,273251919,05/06/2018,100102553,Harvey,Very stylish pad. Nice view too. All items in house in excellent condition.
20062,278669701,18/06/2018,3272701,Osmar,Great unit and well located. Sergio is a great host.
20062,281226016,24/06/2018,132571230,Nigel,"Great apartment, good location"
20062,284967102,02/07/2018,196593012,Cecilia,Muy recomendable
20062,300592968,02/08/2018,252376,Megan,"We stayed at Sergio's amazing home for a month and absolutely loved it.  The views are better than pictured and it has everything you will need to be blissed out in Buenos Aires.  The location is incredible and Palermo Hollywood is full of outstanding bars and restaurants just waiting to be explored.  The double balcony, views, and modern touches of this apartment were very hard to part with.  I would stay here again in a heartbeat."
20062,305007502,10/08/2018,16055629,Alexandra,"The apartment 's location is very good, there is a lot of restaurants around. This is a rent apartment with a modern still. The description is correct. We had a problem with the air conditioner and the toilet and sergio helped us very quickly. Maybe the cleaning could be done more. "
20062,308032137,15/08/2018,54191979,Oscar Rudys,Todo excelente y conforme lo mostrado y convenido .
20062,309008735,17/08/2018,92414740,Romar,Amazing apartment as we were expecting - modern and comfy. Stunning view and well located. Would definitely stay there again!
20062,314917191,27/08/2018,64101055,Monica,"Excelente departamente, ubicado dentro de una gama amplia de restaurant y muy cerca de Palermo soho. Muy recomendable."
20062,317712533,02/09/2018,17739414,Henrique,"tudo ótimo, mega bem decorado e com comodidades incríveis pelo bairro."
20062,331388427,02/10/2018,141893979,Peter,For our first visit to Buenos Aires we could not have chosen a more ideal location. An amazing apartment with awesome city views. Early check-in went very smoothly and the apartment facilities were second to none. Would highly Recommended.
20062,332953133,06/10/2018,217721245,Diego,"O apartamento do Sergio é de muito bom gosto, tanto o projeto, quanto a decoração. A localização é muito boa, com excelentes opções de restaurantes, padarias e de lazer no entorno próximo. O anfitrião é extremamente simpático e solícito!! Altamente recomendado!"
20062,334905471,10/10/2018,9271639,Harsha,"Lovely 2 bedroom penthouse in a quiet neighborhood of Palermo. Walking distance to cafes, restaurants and bars. <br/>However if you are looking to be near the tourist spots then this is a bit far (20-25 can ride), although we love walking so it was not an issue and it was always nice to come back to a quiet part of the city!<br/>Amenities are very basic so plan on doing some basic shopping if you plan to have coffee/tea or cook at home."
20062,340660289,24/10/2018,3828875,Debbie,"We loved this apartment. It was spotlessly clean, very well equipped and in a great location. We are a family of four - with two teenage girls - and it worked very well for us. <br/>And the view of the sunrise over the city from the bedroom window is  spectacular!<br/>If you like being in a neighbourhood with great coffee shops, bars and restaurants in walking distance, you will love this place. It is not a noisy area though and the apartment was very quiet and secure. <br/>It’s within a few blocks walk of the Subte station which was easy to use and gets you straight into the centre of town. <br/>We will definitely book again if we come back to Buenos Aires.   Highly recommended."
20062,345578209,05/11/2018,33785484,Bayard,"Fantastic location, wonderful property. Would highly recommend"
20062,350527888,19/11/2018,9192390,Bill,"We loved our 2 weeks stay at Sergios wonderful holiday home. The 2 private terraces with an outdoor shower on one of them and the view made for a really nice stay. Commnication with Sergio made it very easy, his housekeeper met us there with the key and he followed up to make sure everything was ok. The location in Palermo Hollywood was perfect, close to lots of resutrants and a great bakery for fresh bread every morning is in the same building at the corner. it is located between 2 subte lines and there are busses a few blocks away to take you anywhere in the city you want to go. One of our favorite things were the black out blinds in the master bedroom. The apartment faces east for beautiful sunrises but not being a morning person, i really appreciated that there were black out blinds and that they even had velcro on them so that you could close them completely - a nice touch! We would absolutely stay here again."
20062,353547800,28/11/2018,185389327,Julian,Place with beautiful view. I felt safe. Loved the bakery downstairs for delicious breakfast.
20062,354034590,30/11/2018,84717509,Susan,"Sergio’s home is perfection. Not only perfectly clean, the views from all balconies are a sight to see. Centrally located to all things you’d want to do/see in Palermo. Highly recommend."
20062,357752479,11/12/2018,222526175,Paul-Emmanuel,top
20062,360160400,19/12/2018,1916780,Cuatro,Great location! great view of the city!
20062,361423037,23/12/2018,33124596,Irit,"The apartment is in a great location, sparking clean with great views. Sergio went out of his way to help us get Pesos as the banks refused to cash our money and ATM had long lines."
20062,367752642,05/01/2019,82934950,Isabel,Highly recommend it.
20062,406660510,30/01/2019,6414569,Amy,Great place! Thank you Sergio!
20062,411163054,11/02/2019,89378781,Mustafa,"A very pretty and neat place, the location was in very great place not very touristy but still have a lot of walking distance restaurants and bars. Close to some cool stuff in the neighborhood. Definitely recommended if you ever staying in Buenos Aires. Sergio is very responsive and checks in almost every day."
20062,417235735,26/02/2019,12032845,Jack,Great place to stay while in BA! Amazing location in Palermo. Right next to many cool bars and restaurants. The terrace and deck have amazing views of the city. We really enjoyed our time at Sergio’s apartment. I would 100% recommend staying here.
20062,420029259,05/03/2019,67281725,Sue,"Just had a four night stay at Sergio’s apartment. It was exactly as described and has stunning views of the city. Hollywood Palermo is such a beautiful neighbourhood with a truly amazing selection of good quality restaurants selling excellent food at reasonable prices.  It is not a tourist area and that makes it all the more enjoyable. The locals are really friendly and welcoming. Sergio was super responsive with ALL communication and also went out of his way to help us out with some local currency as all of the ATMs were empty due to the long public holiday weekend.  This was really kind and was truly appreciated. If you are travelling to Buenos Aires, take some US$ (preferably crisp notes) which are exchanged in most places. Credit card is accepted in the majority of larger restaurants. THANK YOU SERGIO"
20062,422088487,10/03/2019,189101830,Sherry,This place is beautiful <br/>well appointed. We were <br/>There for four nights not <br/>Enough time.
20062,431688922,01/04/2019,25442261,Cat,Beautiful spot! Wonderful view and amazing apartment
20062,444859830,28/04/2019,144684611,Renata,"O apartamento do Sérgio é maravilhoso, além de muito bem localizado, fomos recebidos com muita gentileza. Recebemos dicas locais que nos proporcionaram excelente estada. A decoração é de muito bom gosto e a limpeza impecável. Não faltam ótimas alternativas de restaurantes e cafeterias próximas ao apartamento. O acesso à táxi e demais transportes foi um grande facilitador. É perto de tudo que se procura para uma inesquecível viagem à Buenos Aires."
20062,449364192,06/05/2019,248709696,Katie,Fue una experiencia increíble! Sergio era muy amable y atento. El apartamento era muy bonito con una vista increíble. Todos los detalles eran impresionantes y todo era muy cómodo.
20062,450890936,10/05/2019,168765396,Daniel,"Def worth the value , close to all the areas ,"
20062,452579535,13/05/2019,60395638,Harrison,Amazing
20062,454122322,17/05/2019,24423008,Yumi,"This place is amazing! Great view, very nice, clean and comfortable! The location is very good, a lot of bars and restaurants around! The host was very attentive and quick answer my questions. I do recommend and I wish to come back!"
20062,458810326,26/05/2019,103380741,Pau,"Excelente opción. La realidad superó las fotos del departamento. Excelente ubicación, cerca de muy buenos restaurantes. Sergio y Marcelo son excelentes anfitriones, siempre estuvieron al pendiente. Muchas gracias!!!"
20062,463991780,04/06/2019,21576980,Valentin,We loved Sergio’s place. It is very well located and our host had great restaurant recommendations. Highly recommend it.
20062,465913032,08/06/2019,185864834,Diego,Destacó la atención de Sergio! Gran host y anfitrión. El departamento espectacular y buena disposición de todos los que trabajan en el.
20062,472391505,19/06/2019,111160405,Shaan,"Sergio & Marcelo are excellent hosts. The location is amazing, within walking distance of many great bars, restaurants, cafes, and in a safe neighborhood to walk around. The view is incredible from the balcony. <br/>This was my family’s first time coming to Argentina and Buenos Aires, and would definitely look into staying here again on another trip here."
20062,477640123,28/06/2019,23243159,Mercedes,"Sinceramente el lugar es fantástico, moderno, llena de detalles delicados, todo funciona, Sergio es un anfitrión muy espectacular, tienes todo a mano cafés, mini Market, restaurantes, y mucho más, lo recomendamos sinceramente!! el barrio es espectacular, la gente es cordial muchas gracias Sergio por recibirnos en tu casa!! VOLVEREMOS TOTALMENTE RECOMENDADO!!"
20062,488775585,15/07/2019,60399449,Mark / Zach,Great place in the heart of Palermo Hollywood!   Sergio is a great host and very accommodating to our schedules.   The apartment was perfect!
20062,494027219,23/07/2019,66946366,Donald,"Everything was great. Apartment was beautiful, location was wonderful, Sergio was responsive and helpful. I t was quite and had a great view."
20062,496540430,27/07/2019,60229261,Marcelo,"O apartamento é ótimo, bem localizado e próximo de ótimos restaurantes. Fomos muito bem recebidos e com ótimas dicas de passeios!! Tudo excelente"
20062,500041442,01/08/2019,163169292,Guillermo,"Buena comunicación, una ubicación muy buena con fácil acceso a la movilidad pública, a pesar de tener un auto rentado, preferimos utilizar el servicio público por lo fácil y cómodo que nos quedó debido a la ubicación, lugar bastante seguro, todo estuvo perfecto."
20062,513470943,19/08/2019,22468488,Trent,Sergio's apartment was very nice and in a great location. He was very helpful with local tips and also helped me out when I left my sunglasses at his place. The apartment has great views over Palermo and so does the communal rooftop which would be very nice in summer. Adequate amount of towels too.
20062,519462428,28/08/2019,44875674,Santiago,Perfect location in the middle of many great dining and night life options (walking and Uber)! <br/>Sergio did an outstanding job of communicating with me and even made sure I was able to get to the listing even though I had lost my phone in the previous country I was visiting and was unable to confirm anything while in my trip.<br/>The home was clean and perfect to sit have a glass of wine on the patio!<br/>Thank you Sergio!
20062,523392592,03/09/2019,11069596,Lindsey,"I highly recommend Sergio's apartment in BA!  The building is located on a quiet street in Palermo Hollywood that is just a couple of blocks from all of the action.  It is easy to walk anywhere in Palmero Hollywood or Soho, and convenient to taxi or Uber to other places in the city.  The apartment itself is gorgeous - tons of space and has a stunning view of the BA skyline.  The unit is also very secure with key fob access into and out of the building.  We had an amazing stay with Sergio!"
20062,526842106,09/09/2019,66838339,Rory,Fantastic place to stay in. Sergio has a book full of many recommendations. The location is perfect and communication was great. Highly recommend!
20062,531437941,17/09/2019,270384291,Adrian,"Excellent location ! Sergio was great , awesome time in Buenos Aires , definitely I would recommend this apartment 👍"
20062,532882646,20/09/2019,60141236,Christopher,"This was my 1st AirBnb, and because of Sergio’s place, the bar has been set high. <br/>The standard was set from the curb when Sergio’s partner Marcelo met us getting out of the Taxi. The hospitality was felt from the beginning. <br/>The penthouse is So immaculate, I don’t believe the pics do it justice. The balcony views at night continued to remind me and my friends , “We Live a Great Life, and We are in Buenos Aires!”<br/> <br/>Sergio’s place is located in a prime area in Palermo Hollywood. It’s literally blocks away from all of the happening bars as well as some great shopping. <br/>Whenever I come back to Buenos Aires, I don’t want to stay anywhere but Sergio’s"
20062,535030603,23/09/2019,1721793,Noah,"Sergio’s apartment is perfect. I’ve stayed in Airbnbs all around the world, and this is one of the best. From its perfect location in trendy Palermo Hollywood to the beautiful panoramic view of the city to the amazing hospitality — I’m so glad I found this gem. Sergio and his co-host, Marcelo are super helpful and great hosts. I would stay here again in a heartbeat. In fact, I plan to when I return to BA next year."
20062,538317126,29/09/2019,72296929,Guillermo,Sergio’s place is very well located and is nice and clean.
20062,551583552,20/10/2019,142536380,Giavona,"Clean, modern apartment. Very comfortable."
20062,553600997,24/10/2019,290165198,Alejandro,Comodidad y cerca de servicios
20062,555971919,28/10/2019,81912524,Frenk,You can rely on Sergio.)))) :
20062,560343685,06/11/2019,11307299,Priscilla,"Se voce espera tomar um banho de jacuzzi quentinha assistindo ao sunset da varanda, esse NAO é um apartamento para vc.<br/>Jacuzzi leva mais de duas horas p encher e a agua quente enche somente 1/3 da jacuzzi. Os outros 2/3 a agua é gelada, mas isso o anuncio nao mostra.<br/>No mais, o apartamento é ok."
20062,566745091,20/11/2019,213995490,Ariane,I've been travelling the world for 6 months and I KNOW airbnbs. I've probably stayed in over 70 places. This is hands down the BEST place I've stayed in.  I stayed 4 nights. There is not one negative thing that I can say except I couldn't stay longer. The balcony!! Omg.  Both are spectacular. 10 out of 10. Thumbs up. WAY up. Book it. It's an experience. Like from a magazine.
20062,568541293,24/11/2019,6896698,Chris,"Great place on the edge of Palermo, walking distance to everything and a great view!"
20062,569724669,27/11/2019,62039733,Chris,"Sergio's apartment is in a great location and quite safe. Sergio and his team were super easy to communicate with and very helpful. The balcony is a special treat to take in BA, a glass of wine, and a beautiful sunset. Definitely recommend staying at Sergio's place."
20062,571796069,01/12/2019,119990399,Kylie,"We absolutely loved this apartment!! I’ve stayed all over the city of Buenos Aires and this is by far one of my favorites. The combination of a beautiful apartment, incredible cleanliness, my favorite neighborhood in the whole city, and a balcony with gorgeous views is just unbeatable. It’s so nice and bright inside and the bakery downstairs has great empanadas. Plus Sergio has a fantastic list of local recommendations and was incredibly helpful when we had to change our plans last minute. 100% recommend!"
20062,575189856,09/12/2019,52596431,Mary,"Stylish and modern apartment in a beautiful neighborhood. Everything we needed for a comfortable stay. Sergio was accommodating and responsive, and offered great insider tips for places to explore around the city. Would definitely choose again on future trips!"
20062,576427265,13/12/2019,57411701,Céline,"We had a very pleasant stay in the wonderful flat of Sergio. The view, from the balcony of the living, and the terrace in the main room, is just amazing. Having showers in the bathtub outside was just fun and exceptional. My parents were here for the first time, and it was a great way for them to discover the city and have a vision of Buenos Aires. The location is perfect in Palermo, next to one of our favorite italien restaurant, ""Cocina Paradiso"". The flat is very luminous, clean, functional and convenient, even if the second room is a bit small, and you have to share the bathroom, which is pretty. Sergio is very reactive and nice, even if we didn't meet. He left a cradle in the flat for our 4 months Baby, and we felt at home. Thank you again Sergio!"
20062,579750516,21/12/2019,57527757,Iren,"A perfect place with a gorgeous view and well equipped with all things necessary. Situated in Palermo, a very comfortable neighborhood. Good communication and even help with booking a taxi for three o’clock in the morning."
20062,621449268,31/03/2020,10995193,Stephen,"This space is it. Modern and elegant. Smack dab in the middle of Hollywood Palermo. You can’t walk twenty steps without coming upon a funky bar or an amazing restaurant or a cool cafe. Two stories, two terraces, an outdoor tub and shower and to die for views. A large modern bathroom as well as a ground floor powder room. Why would anyone choose anywhere else? Thank you, Sergio, for sharing your spectacular home. See you next year!"
104343,57517360,27/12/2015,22729418,Khuong,"Wow what a wonderful experience. I felt it was a better suite at a fraction of the cost compared to the faena hotel. With all the amenities ie. Room service and we have our own concierge. The property itself is gorgeous. You get all access. Beautiful pool, library lounge and bar, and the restaurants and Rojo tango are steps away. There is a kitchen so you can cook of you like. It had full cable and Netflix with great speedy wifi at your disposal. We highly recommend this beautiful place. It felt like home"
104343,58271780,02/01/2016,3397392,Ian,"We had a great stay in this apartment.  It's part of the (extraordinary!) Faena hotel complex, but not actually a hotel room.  So you get access to all the hotel amenities, which are good, and (best bit) without being treated like a second class citizen!  Very helpful concierge (who all speak English, if that helps).  Puerto Madero is a new, quiet area of BA - further away from Palermo (bars and restaurants) but there are lots of taxis and the quiet is very welcome after the busy city.  Walking distance to San Telmo, which we enjoyed.  Bridgitte was a great host - helpful and responsive.  Definitely recommended.<br/>We were in BA over New Year, and would not come back at that time of year again.  Lots of things are shut over the NY period, and literally everything was shut in NYE itself.  "
104343,58889367,05/01/2016,4606917,Susana,"We loved the apartment, the hotel and pool are phenomenal.  Great location in Puerto Madero, one of the newest and safest areas in BA. 
<br/>
<br/>Additionally, brigitte is a great host.  She made sure the check in was flawless and that we had all we needed so we could enjoy our stay in BA.
<br/>
<br/>We definitely recommend Brigitte's apartment. "
104343,62805483,17/02/2016,1997223,Doug,Wow Wow Wow - what a property and amazing host!  Everything was in tip top shape and there was even a great bottle of wine waiting for us upon arrival.  Great communication and tips prior to arrival which helped greatly with the currency crisis currently going in Argentina.  Zero reason to pay Faena's website rates when you can stay in a much bigger suite for a lot less!  Would definitely return.
104343,64368836,03/03/2016,11524494,Helmut,"Very beautifull Hotel and amazing <br/>Appartment , <br/>Top service , relaxed Check in & Check out .<br/>Best Pool in town and good weather <br/>All Week ,<br/>Sauna & massages Are clean and professionell .<br/>I Will Be back Next Year !"
104343,65212422,12/03/2016,1542303,Ian,This is the fourth time I have stayed here brigitte is very helpful and communicative everything went smoothly should I visit ba in the future I will stay here again 
104343,65666375,16/03/2016,51950634,Kevin,"This Is The Park Avenue Of Buenos Aires,Argentina!
<br/>Brigitte Is A Broadway Star!A Chance Of A Lifetime 
<br/>To Stay @ The 1 and Only Faena....I Would Stay Here
<br/>For Month's If Possible!I Would Highly Recommend 
<br/>This Beautiful Home,
<br/>Sincerely
<br/>Kevin
<br/>"
104343,66115445,19/03/2016,51246622,Ashley,"Both the accommodations and Brigitte were wonderful! The residence is lovely, and it was really nice because it was located inside the Faena Hotel so we had access to all hotel amenities (pool, spa, workout room). The neighborhood we were in was great - very new compared to parts of BA, and very safe.
<br/>
<br/>Brigitte was a fabulous host - she gave us all of the information we would need before I even knew what to ask for. She was always very easy to get in touch with, and made the entire trip seamless and easy. 
<br/>
<br/>I will definitely stay here again, and would recommend it to anyone traveling to the area!"
104343,66378980,22/03/2016,55319306,Tiffani,Brigitte is a fabulous hostess and helped make our first trip to BA an amazing experience. Puerto Madero was my favorite part of the city. There are some great restaurants within walking distance.  The Faena is beautiful and the staff is great. The apartment is beautifully decorated and was perfect for our vacation.
104343,67164300,27/03/2016,47256477,Sergio,"La suite es excelente. En primer lugar, la correspondencia entre los características de la suite ofrecida y sus servicios, con lo que nos encontramos.<br/>Una suite de altísimo nivel en un hotel inmejorable. Además, la experiencia compartida en un hotel, donde no hay distinción entre los huéspedes del mismo y quienes se alojan en el sector de residencias. <br/>La distancia entre la anfitriona y nosotros, nunca existió; siempre a disposición y atenta a cualquier cuestión. <br/>En un definitiva, un diez (10)."
104343,68915091,07/04/2016,6313116,Andre,"Dear Brigitte,<br/>Words can't express the happiness found<br/>In your extremely cozy warm home like apartment located inside the world renowned Faena Hotel Buenos Aires. After a very hectic and stressful work schedule thru South America I decided to extend my stay in Buenos Aires and to my surprise your location was available for those days i was looking to stay. It's a total home environment while still the feeling of being in a top notch Five Star hotel.  I truly fell in love with your location and I truly hope it will be available on my next visit as I really don't want to stay anywhere else. You have all the needs and wants of your own home. Thanks for your hospitality and for making it so simple. The front desk was helpful with a smooth check in process and check out. The only sad part was leaving.  Thank you thank you.  Until Next time.  - Andre "
104343,71866746,29/04/2016,34795566,Mie,"Brigitte's apartment in Buenos Aires was simply fabulous! The best part of staying at this Faena Apartment was the host,  Brigitte. I have stayed at numerous Airbnb places and by far she was the best. Whenever I emailed her she responded promptly with warmth and was always generous with giving great advices, a couple of which were invaluable - such as what taxi company to utilize upon arrival. <br/>My husband and I stayed for 3 1/2 weeks and loved how beautiful and clean it was. The apartment was exactly as described. The  location is excellent in that it is within a short walking distance to many great restaurants  (Osaka and Chila just to name a couple) and a nice size grocery store, Jumbo, that also has a dry cleaner that can also do laundry. Of course,  since by renting this apartment one has access to Faena amenities,  one can simply give the laundry to the concierge.  Everyone was friendly and professional. Also, another reason that made this location ideal was safety. Not all neighborhoods in Buenos..."
104343,78076033,05/06/2016,21059268,Gregory,"Brigitte's flat is a great one in the amazing Faena. It has great views of Puerto Madero and the city.  The suite is super comfortable with a  large living space and a very comfortable bed.  The bathroom is very good, although a bath would have been an added plus.
<br/>The Faena lets you enjoy BsAs as well as enjoy a ""destination"" with great facilities (pool,spa, restaurants, bars, jogging paths.)"
104343,79806508,14/06/2016,5984327,Eduardo,"Brigitte was the perfect host. Since the first email I sent she answered very fast and from that first contact on, she answered every single question in a very polite and quick way. Her place is outstanding, really, it would not be much to say it looks better once you are there when compared to the photos. Very clean, comfortable, great bed, linens, awesome shower and fully equipped kitchen. Not to mention the view! Would love to stay there again!"
104343,85647582,12/07/2016,68287283,Blanca,"El departamento es perfecto, está muy bien ubicado y muy bien mantenido, esta súper completo esto hace que la estancia sea muy agradable y el gran plus que tiene es que podes acceder a todas las instalaciones del hotel faena que es increíble, los personales del hotel son sumamente amables y serviciales <br/>Recomiendo 100% "
104343,87429279,20/07/2016,47256477,Sergio,"una suite excelente en un hotel inmejorable. Brigitte está siempre presente, no importa a que distancia física esté . La relación costo beneficio es superlativo. Una experiencia para seguir repitiendo (ya hemos ido dos veces)."
104343,88646441,25/07/2016,18659591,An,I had a fabulous time at Brigitte's beautiful studio apartment in the Faena Hotel. It has a great view and is designed to be as luxurious as the hotel itself but is still as comfortable and private as a private residence. Brigitte was accommodating and quick to offer help and support whenever there was an issue or question. Puerto Madero offers a uniquely modern experience in Buenos Aires and this apartment is definitely the cherry on top.
104343,90202621,31/07/2016,2471425,Olga,"Absolutely loved it! Brigette's chic  studio exceeded all our expectations. Faena is our favorite place to stay in Buenos Aires, but this apartment offers you even more pleasant experience with all the equipment and details. Brigitte was always attent to whatever we needed during the transactions and stay. Amazing host! Definitely will stay in her beautiful place next trip to Argentina."
104343,92429406,08/08/2016,4448899,Amy,"Brigitte's place in the magnificent Faena was perfect. The hotel is stunning, wonderful amenities, beautifully decorated, and the staff was superb. Brigitte was an excellent host. She was very communicative, sent me all the information I needed prior to arrival, and checked in on me during my stay. I highly recommend this beautiful place, in a beautiful building, and a fantastic host!"
104343,94008566,14/08/2016,88386248,Eduardo,"We had an amazing stay at Brigitte's apartment,it is well furnished and equipped.All our expectations were met,Brigitte and the Faena staff were great hosts.Would highly recommend the experience.<br/>Eduardo<br/>"
104343,100739919,10/09/2016,70323647,Les,"Brigitte was the ultimate host making our stay at her Suite at The Faena truly wonderful! She was quick to respond to all our questions prior to our arrival and provided us with many helpful tips .  Everything from selecting a taxi service at the airport, the Faena's Concierge contact information and appropriate considerations for the time of year we were visiting. Her place is truly amazing, with beautiful unobstructed views of the river, spectacular sunsets every night and a plush comfortable bed and linens. She's thought of and provided everything you would need to feel at home and the staff are truly warm and professional. The Faena is truly a Five Star destination. It feels luxurious from the moment you walk thru the entryway and your stay entitles you to full free use of the facilities, sauna, steam bath, daily yoga and meditation. We will definitely stay at Brigitte's on our next visit to Buenos Aires."
104343,105347580,01/10/2016,2566080,Anya,"We had a fantastic honeymoon stay in this amazing suite for 3 nights. The Faena is posh, but relaxed with amazing food and entertainment (including live bands most nights and the romantic Tango Rojo). The spa and gym were spectacular - clean, well-equipped and with excellent service. The neighborhood is super safe and close to the city center as well as the big reserve. The staff are friendly, helpful and accessible. Also Brigitte is perhaps the most responsive AirBnB host I've ever known. A cabinet door needed a minor repair and when I mentioned it she had them repair it immediately without delay and gave us late checkout. The suite is spacious and the view marvelous. Brigitte also treated us to a bottle of wine and an artfully designed plate of chocolate delights in our suite. 
<br/>An A+ honeymoon stay indeed with excellent value! "
104343,106321690,05/10/2016,1851764,Davi,"Foi tudo maravilhoso, o apartamento da Brigitte é lindo e bem cuidado, tudo funciona perfeitamente, tem uma linda vista da janela, Brigitte teve a delicadeza de nos deixar uma garrafa de vinho e durante toda a hospedagem ficou a disposicao para resolver quaisquer eventuais problemas ( nao houve nenhum. ), ficarei hospedado com Brigitte sempre que for a buenos aires. obrigado Brigitte.                                                   <br/>                                                                     It was all wonderful, the apartment of brigitte is beautiful and well maintained, everything works perfectly, has a beautiful view from the window, Brigitte had the courtesy to leave us a bottle of wine and throughout hosting was the disposition to resolve any possible problems ( not been any.), I'll be staying with Brigitte whenever the buenos aires. Thank you Brigitte.        "
104343,107939580,13/10/2016,70324904,Paul,"We were beyond pleased with the accommodations, amenities and location!  For sure staying at the Faena Posh Suite was the highlight of our stay...for sure we will be back:-) We would highly recommend to anyone wishing to have a luxury stay experience along with a really cozy atmosphere. We enjoyed the Feana from top to bottom!"
104343,110234421,24/10/2016,55342701,Jean-Louis,"My meeting was at the Hilton 
<br/>It would have been so easy to relinquish to their hospitality but adventurous in nature I perused similar abodes in the same vicinity.
<br/>The stars must have been aligned when
<br/>I stumbled upon Brigitte's flat at a most prestigious hotel .. The Faena
<br/>The choice was blatantly obvious
<br/>650 sq feet with view on the river, kitchen, appliances, living room and large bed
<br/>Had I merely had this pied à terre I would have declared victory but Brigitte as a host is as attentive to detail and she briefs you on the ins and outs of this superb setting.
<br/>And the setting is the Hotel itself
<br/>You are part of it with all the whistles and bells 
<br/>Don't take my assessment for gospel, check the hotel site on the web
<br/>All in all, an experience that deserves mimicking
<br/>Jean-Louis Bourque
<br/>Montreal Canada
<br/>"
104343,111719596,01/11/2016,1247988,Guilherme,"Brigitte's apartment at Faena was an excellent choice. From Phillip Stark's signature furniture to the complimentary wine bottle provided by Brigitte, out stay was really an amazing experience. More importantly, by staying at Brigitte's apartment, you enjoy the best of Faena hotel without having to deal with the unfriendly/ arrogant hotel staff (the only low in our trip). Regardless, Faena is very well located, with several excellent places to eat on a walking distance (must-go: Japanese Osaka - try the tasting menu - and barbecue Cabaña las Lilas). Also, skip hotel ordinary breakfast buffet and try the excellent Lobo Café a block away at Puerto Madero, where owners Franco and Carole will make you feel at home.<br/>Also, you can enjoy walking by Puerto Madero & Parque Ecologico, where very safe to go for a bike ride, running or just to enjoy the afternoon sunset.<br/>"
104343,121356932,16/12/2016,56049467,Charles,"The apartment is perfect for one or two people, with a fantastic view. I prefer it to any suite at Faena Hotel and it is much better value. I will certainly return. "
104343,123736387,30/12/2016,56865348,Kerry,Brigitte has been a perfect host. Lots of communication and so friendly. The apartment has all the amenities you would need and to have full access to the hotel facilities was fantastic. I could definitely recommend the Rojo Tango show which is onsite and the Faena Experience massage! My stay in Buenos Aires is full of wonderful memories and this property has been the perfect base.
104343,124672558,02/01/2017,2115737,Ophelia,"Brigitte was a fantastic host and the apartment is amazing, especially since you all full access to the hotel amenities. There was a bottle of wine for us on arrival and the place was spotless. Brigitte was always very quick on email - gave fantastic instructions for how to reach the hotel, also sent a great selection of recommendations for restaurants, and connected us with a Faena experience manager to help us plan for NYE. I couldn't recommend Brigitte's place more highly! "
20062,705773032,01/11/2020,373358020,Marcelo,Amazing place to stay in Buenos Aires.
20062,714523569,10/12/2020,3882434,Pablo,"Muy buen depto, con todas las comodidades en una muy buena zoe de Palermo. Sergio fue un anfitrión excelente. Gracias"
20062,717649223,23/12/2020,101566498,John,Amazing stay! Perfect location and very impressive views. Definitely recommend!
20062,721909532,04/01/2021,50043721,Osvaldo,"Vista increíble, departamento cómodo, edificio en buen estado y con amenities que suman. La atención de Sergio, excelente."
20062,730187630,10/02/2021,107791084,Julian Rodrigo,El departamento está impecable; mejor aún que en las fotos. La zona es de lo mejor de Bsas y la atención del anfitrión fue de lujo. SÚPER RECOMENDABLE!!!
20062,4.22312E+17,05/08/2021,385507303,Rodrigo,"¡Excelente atención de Sergio! Logra responder de inmediato y está atento para brindar un gran servicio. Super cordial y amable para coordinar ingreso/egreso, y muy atento a que todo esté en orden."
20062,4.46296E+17,07/09/2021,239584130,Philippe,Great place to stay
20062,4.905E+17,07/11/2021,426708811,Anabel,Sergio es un anfitrión excelente
20062,4.97716E+17,17/11/2021,115715066,Lorena,"Tiene excelente ubicación, varias opciones de restaurantes alrededor. La vista es extraordinaria. El departamento es muy lindo, bien decorado y tiene todo lo necesario."
20062,5.00668E+17,21/11/2021,9125709,Juan Manuel,"Excelente todo, súper recomendable !"
20062,5.10085E+17,04/12/2021,1728637,Joshua,Sergio was a great communicator throughout the stay. His place was clean and as described. We really enjoyed the space & views. Got a few Instagram posts out of it :)
20062,5.1518E+17,11/12/2021,41465880,M,"sergio’s apartment was perfect! it was just like in the pictures and the neighborhood was awesome! in walking distance to so many bars and restaurants and a cool, hip neighborhood! he was very responsive with all our questions and accommodated us with all our needs. so helpful and generous!"
20062,5.17979E+17,15/12/2021,63876017,Hillary,"Beautiful apartment, Sergio was very helpful! Perfect location!"
20062,5.31779E+17,03/01/2022,305355496,Holly,"An awesome penthouse will everything you need to visit Buenos Aires!  The beds are real comfortable, the water pressure is excellent.  The view Is incredible.  The rooftop pool is great to take a dip and even though its shared, we were able to enjoy all to ourselves.  Sergio is a great guy, so easy to communicate with.  We enjoyed reserving and our time spent here.  Ty for sharing! We will return!"
20062,5.33205E+17,05/01/2022,6322134,Angela,"Fantastic 2 bed apartment in Palermo with 2 balconies with views over Buenos Aires (including a plunge pool/outdoor bath off the main bedroom) and a rooftop pool to cool off in. Sergio was a great host, excellent with communication before, during and after our stay with an easy check in (thanks Julia) and a friendly doorman. The apartment is in a safe and fantastic location with many bars, restaurants, supermarkets and site-seeing activities in the immediate vicinity or within a short taxi ride. Complimentary washing machine (just need to bring your own washing powder) in the upstairs communal area  - note there isn't a dryer but we used the clothes horse in the apartment (can also hang clothes on the terrace by the washing machines) and our clothes dried in no time. We just wished our stay was longer and will definitely be back!"
20062,5.43421E+17,19/01/2022,381583883,Gustaf,Lovely flat in a great area. Good check in process and timely communication from the host. Highly recommend.
20062,5.52046E+17,31/01/2022,6524348,Tom,"Great spot, the balconies are amazing and the outdoor space has a great view!"
20062,5.58565E+17,09/02/2022,145469098,Hector,"todo correcto, muy buena ubicación y vistas increíbles, repetiría"
20062,5.67294E+17,21/02/2022,22966541,Karreno,"The location of this place is very central and most things are within 10-15 minute walking distance. The views are fantastic both during the day and at night (there are balconies on both floors)<br/>There is an outdoor bathtub, which was great for late night soaking while watching the moon and the stars. The wind can get a little crazy, but as long as you keep the doors locked, you'd be ok. Everything in the apartment was very clean and organized. Sergio made sure to communicate on time both via AirBNB & WhatsApp and even let us check in a bit early. Overall we had a great experience."
20062,5.76043E+17,05/03/2022,14532988,Julien,amazing stay<br/>recommend 100%
20062,5.78149E+17,08/03/2022,150401937,Alex,"Great place to stay in Palermo Hollywood, Sergio is a perfect host"
20062,5.81828E+17,13/03/2022,238389097,Todd,Sergio’s place is well appointed and located in a quiet part of Palermo. I come to Argentina every year on business and typically stay in Recoleta. I really enjoyed changing it up this year and staying in Sergio’s apartment. Everything was exactly as advertised and he was exceptionally communicative and helpful every step of the way. I highly recommend staying at his apartment.
20062,5.88321E+17,22/03/2022,35067783,Jon,"We traveled to Buenos Aires for 4 days - I had been there before and knew I wanted to stay in Palermo.<br/>This apartment from Sergio was 5 stars across the board.. location, value, the balcony, amenities, everything. We had an absolute blast and really enjoyed our stay. He was very responsive and we stayed in contact the whole way.<br/>If I'm going back to BA then I'm staying at Sergio's place again."
20062,5.89809E+17,24/03/2022,4753289,Matthew,Sergio’s apartment was lovely and exactly as pictured. Very clean with great views and a cool vibe. Prime neighbourhood. I would live there myself!
20062,6.03515E+17,12/04/2022,239121027,Lana,The apartment was in a great location with amazing restaurants within walking distance.   It was very clean and we liked the two levels for living and a second for sleeping making the space very appealing.  Sergio was a great host!
20062,6.06456E+17,16/04/2022,453928610,Marcelo,Genial todo! El departamento es increíble! La pasamos bárbaro! Muchas Gracias
20062,6.15162E+17,28/04/2022,135894889,Lorna,Sergio was a great host and made sure we had everything we needed. The apartment was amazing! Great views of the city and close to tons of restaurants and bars. 10/10 recommend.
20062,6.3547E+17,26/05/2022,76165152,Jonathan,"Excellent stay in Buenos Aires, the apartment was beautiful with a lovely view of the city. Check in was very smooth and Sergio was easy to get in touch with at all times"
20062,6.43362E+17,06/06/2022,5403224,Steven,"Ok, first, the description of the neighborhood doesn't do it justice. It is so unbelievably full of places to eat, drink, shop and explore it is better than a lot of the trendier area's, think Recoleta, as it is quieter and easier to walk around. Sergio was in non stop contact and check in was a breeze. I am so happy we stayed here and am trying to figure out when I can return and stay for an extended period of time. The place is quiet, clean, and has everything you could want. Don't hesitate to stay here as it is one of my all time favorite AirBnB stays ever!"
20062,6.47792E+17,12/06/2022,60124801,Carlos,Spectacular place! Spectacular location! Sergio a wonderful guy… Went out of his way to help us with a late check in of 2 am because of a cancelled flight…. The neighborhood is just fantastic! Will be back soon!! Gracias mi hermano Sergio…
20062,6.63707E+17,04/07/2022,227363804,Steve,"This was a fantastic place to stay. Sergio was so friendly and helpful. The apartment is just as it appears in the photos with a gorgeous view.<br/>The location is also fantastic with many cafés, coffee shops, and restaurants all within a short walk.<br/>I would absolutely stay here again."
20062,6.6803E+17,10/07/2022,169478629,Matías,"El lugar es cómodo y tranquilo, tiene una vista muy linda, está bien equipado, no nos faltó nada. Es como en las fotos de la descripción y tal vez mejor. Está cerca de muy buenos cafés y restaurantes. La atención de Sergio fue excelente. Sin duda volveríamos a hospedarnos aquí."
20062,6.71646E+17,15/07/2022,349905012,Courtney,The apartment had wonderful views and Sergio was very helpful and responsive. Great location!
20062,6.739E+17,18/07/2022,24273878,Rochy,Todo excelente!
20062,6.94161E+17,15/08/2022,53891273,Tyler,"My stay in Palermo was a fantastic experience. The location was amazing, you are walking distances away from  great restaurants and bars. And the condo in itself was very quaint, confortable with amazing views of Buenos Aires. Very much recommended!"
20062,6.99221E+17,22/08/2022,75549837,Douglas,"Sergio is a fine host and the apartment is excellent. The location in Palermo makes one reluctant to leave the convenient neighborhood. The apartment is attractive with a fabulous view,  and met our every expectation."
20062,7.02849E+17,27/08/2022,169478629,Matías,Es la segunda vez que nos hospedamos en el lugar y volveríamos nuevamente.
20062,7.05058E+17,30/08/2022,54582404,Elsa,Buena ubicación y bonito lugar. <br/>La atención de Sergio es excelente. <br/>Saludos
20062,7.09382E+17,05/09/2022,44381511,Chris,"Awesome location super close to very popular bars and restaurants, and a quick Uber ride to some of the best steakhouses in Argentina. Sergio was a great host who was super responsive / made the check in process smooth, and the building and apartment itself felt very secure. Several grocery stores and coffee shops nearby too, you won’t regret the location!<br/>Lots of well thought out details throughout the place ideal for travelers, like several outlets that accommodated US style plugs and European style plugs in addition to Argentina plugs. Comfortable furniture and beds, 10/10 Sergio gracias!"
20062,7.12283E+17,09/09/2022,18943598,Bryce,"Pretty hard to beat. Located in a great neighborhood for finding an exceptional morning coffee or good drink, stunning view, wonderful doorman, very professionally handled. Highly recommended!"
20062,7.26747E+17,29/09/2022,2419817,Laura,"Absolutely fantastic host. The apartment was beautiful and clean. Sergio was very responsive, always available to help answer questions, provide what we needed, and he provided great guidance for getting around."
20062,7.38389E+17,15/10/2022,25769271,Peggy,"Sergio’s home is wonderful and exactly as described. The view from the balcony is spectacular. I wish we could have spent more time on the balcony but it was still a bit chilly. However, if you come when the weather is warmer it would be perfect for coffee or wine. The washing machine was a little finicky (it’s for the whole building) but that’s the only issue we had. We did not use the kitchen to cook because there are SO many great places to eat nearby. There is a bakery next door and a vegetarian restaurant across the street. Communication was great. Sergio was very helpful with all my questions. I would absolutely stay here again. There’s so much to do in Buenos Aires—you’ll love it. Tip: if you like antiques, be sure to visit the Mercado de Pulgas. It’s 7 minutes walk and has sooo many interesting, strange, one of a kind finds. And not many tourists either!"
20062,7.4489E+17,24/10/2022,469580679,Silvia,"We had the best time at Sergio’s place, we were greeted by a lovely young man the answer all our questions and the book the explained everything you need to know about were to eat .. etc, etc .. awesome! loved the surroundings lots of restaurant’s, very safe, nice atmosphere. We recommend Sergio’s place absolutely!"
20062,7.49966E+17,31/10/2022,15996594,Cristy,Great stay with my friends in Buenos Aires. Sergio’s apartment was just as pictured and he has an excellent guidebook to the city. He was very accommodating and held our bags for us. The views of the city were amazing. Very close to many nice restaurants and shops. Would definitely recommend to any visitors.
20062,7.52878E+17,04/11/2022,28145893,Werner,A
20062,7.58693E+17,12/11/2022,403360227,Will,A perfect home base to explore the city. Amazing balcony view and close to the great restaurants and bars of Palermo. I hope to be back someday...Muchas Gracias!
20062,7.69565E+17,27/11/2022,433995492,Mauricio,"El mejor ap de bs as, sin mas que decir. Sergio un genio !. Iré nuevamente siempre al mismo ap."
20062,7.72465E+17,01/12/2022,46707667,Demian,Loved the view!
20062,7.75295E+17,05/12/2022,74970247,John,"Sergio was a great host, the place is fantastically located. There was a little hair on the pillows but no real problems. <br/>Unfortunately the security for the apartment block isn’t great, there is no emergency exit or fire escape. On checkout we closed the door behind us (as instructed) and were stuck in the lobby for >1 hour trying to get out. None of the emergency numbers work and there is no way to exit from inside. I dread to think what would happen in a fire… we managed to get out eventually by dismantling a lock box and fishing out a key but nearly missed our flight. Not a problem and no hard feelings but a stressful experience!"
20062,7.8184E+17,14/12/2022,125338951,Ahmad,"The 3 of us stayed at Sergio’s place. We had a great view of Buenos Aires in a central location, close to many restaurants!"
20062,7.86967E+17,21/12/2022,80127007,Lauryn,Amazing stay - the apartment was beautiful and well situated in Palermo Hollywood. We loved the views and the tranquility of the place!
20062,8.0362E+17,13/01/2023,482637855,Nikita,Great apartment and great host) Thank you very much for the hospitality)
20062,8.05086E+17,15/01/2023,66910726,Konstantinos,Great location and very clean
20062,8.6161E+17,03/04/2023,30428193,Michał,Great apartament with a stunning view of BA from the balcony. Totally recommend.
20062,8.65148E+17,08/04/2023,20155047,Victoria,"Hermosa zona, muchos lugares para comer, seguro y con plazas cerca para niños. El depto estaba impecable, muy cómodo y completo."
20062,8.68836E+17,13/04/2023,44208767,Nikos,Sergio's place was great for our stay in Buenos Aires. Great location next to the busy area of Palermo Soho! I would definitely recommend Sergio's place!
20062,8.76127E+17,23/04/2023,67219339,Lucas,Gracias muy lindo
20062,9.05741E+17,03/06/2023,458645472,Alexander,Amazing flat.<br/>Recommend to all
20062,9.07272E+17,05/06/2023,104778746,Max,Nice place would stay again
20062,9.10185E+17,09/06/2023,249070877,Dea,"We had an amazing stay in San Telmo. The place felt like home with all the amenities and touches that anyone could dream. Honestly, I wish we would have stayed here for the 1st leg of our trip- so comfortable and spacious. <br/>I miss sipping some Malbec on the balcony watching Tango in the plaza. Dreamy!<br/>Amazing place Ana & Sergio! You have quite a gem there!  <br/>We'll be back- just a long way from California! <br/>Mil Gracias! <br/>Rivera Family"
20062,9.11612E+17,11/06/2023,48196123,Bruno,todo muy bien!
20062,9.2754E+17,03/07/2023,468154217,Leo,"Excelente apartamento, muito agradável. Sérgio foi super disponível."
20062,9.31852E+17,09/07/2023,7432475,Israel,"A great place to stay in Buenos Aires . Lots of coffee shops, restaurants, and bars near by"
20062,9.60841E+17,18/08/2023,218840568,Patricio,"Excelente lugar para quedarse, muy bien ubicado y lindo departamento."
20062,9.63051E+17,21/08/2023,83653,Adrian,The place was as described and the location was close to everything you might want!
20062,9.68115E+17,28/08/2023,117364637,Amanda,What a fabulous apartment! It's so well designed and the view is incredible. We had a wonderful stay and Sergio was a great host. Highly recommend!
